Phrase,Intent,Tier,Book,Author,Target URL (en)
a brand plucked from the fire,Title (navigational),1,A Brand Plucked from the Fire,Julia A. J. Foote,https://ochorus.com/books/a-brand-plucked-from-the-fire
a brand plucked from the fire read online,Read online,1,A Brand Plucked from the Fire,Julia A. J. Foote,https://ochorus.com/books/a-brand-plucked-from-the-fire
a brand plucked from the fire pdf,PDF,1,A Brand Plucked from the Fire,Julia A. J. Foote,https://ochorus.com/books/a-brand-plucked-from-the-fire
julia a. j. foote a brand plucked from the fire,Author + title,1,A Brand Plucked from the Fire,Julia A. J. Foote,https://ochorus.com/books/a-brand-plucked-from-the-fire
a brand plucked from the fire free online,Free online,2,A Brand Plucked from the Fire,Julia A. J. Foote,https://ochorus.com/books/a-brand-plucked-from-the-fire
a brand plucked from the fire full text,Full text,2,A Brand Plucked from the Fire,Julia A. J. Foote,https://ochorus.com/books/a-brand-plucked-from-the-fire
a brand plucked from the fire summary,Summary,3,A Brand Plucked from the Fire,Julia A. J. Foote,https://ochorus.com/books/a-brand-plucked-from-the-fire
a call to the unconverted,Title (navigational),1,A Call to the Unconverted,Richard Baxter,https://ochorus.com/books/a-call-to-the-unconverted
a call to the unconverted read online,Read online,1,A Call to the Unconverted,Richard Baxter,https://ochorus.com/books/a-call-to-the-unconverted
a call to the unconverted pdf,PDF,1,A Call to the Unconverted,Richard Baxter,https://ochorus.com/books/a-call-to-the-unconverted
richard baxter a call to the unconverted,Author + title,1,A Call to the Unconverted,Richard Baxter,https://ochorus.com/books/a-call-to-the-unconverted
a call to the unconverted free online,Free online,2,A Call to the Unconverted,Richard Baxter,https://ochorus.com/books/a-call-to-the-unconverted
a call to the unconverted full text,Full text,2,A Call to the Unconverted,Richard Baxter,https://ochorus.com/books/a-call-to-the-unconverted
a call to the unconverted summary,Summary,3,A Call to the Unconverted,Richard Baxter,https://ochorus.com/books/a-call-to-the-unconverted
a hidden fire,Title (navigational),1,A Hidden Fire,Ochorus Originals,https://ochorus.com/books/a-hidden-fire
a hidden fire read online,Read online,1,A Hidden Fire,Ochorus Originals,https://ochorus.com/books/a-hidden-fire
a hidden fire pdf,PDF,1,A Hidden Fire,Ochorus Originals,https://ochorus.com/books/a-hidden-fire
ochorus originals a hidden fire,Author + title,1,A Hidden Fire,Ochorus Originals,https://ochorus.com/books/a-hidden-fire
a hidden fire free online,Free online,2,A Hidden Fire,Ochorus Originals,https://ochorus.com/books/a-hidden-fire
a hidden fire full text,Full text,2,A Hidden Fire,Ochorus Originals,https://ochorus.com/books/a-hidden-fire
a hidden fire summary,Summary,3,A Hidden Fire,Ochorus Originals,https://ochorus.com/books/a-hidden-fire
a retrospect,Title (navigational),1,A Retrospect,Hudson Taylor,https://ochorus.com/books/a-retrospect
a retrospect read online,Read online,1,A Retrospect,Hudson Taylor,https://ochorus.com/books/a-retrospect
a retrospect pdf,PDF,1,A Retrospect,Hudson Taylor,https://ochorus.com/books/a-retrospect
hudson taylor a retrospect,Author + title,1,A Retrospect,Hudson Taylor,https://ochorus.com/books/a-retrospect
a retrospect free online,Free online,2,A Retrospect,Hudson Taylor,https://ochorus.com/books/a-retrospect
a retrospect full text,Full text,2,A Retrospect,Hudson Taylor,https://ochorus.com/books/a-retrospect
a retrospect summary,Summary,3,A Retrospect,Hudson Taylor,https://ochorus.com/books/a-retrospect
a serious call to a devout and holy life,Title (navigational),1,A Serious Call to a Devout and Holy Life,William Law,https://ochorus.com/books/a-serious-call
a serious call to a devout and holy life read online,Read online,1,A Serious Call to a Devout and Holy Life,William Law,https://ochorus.com/books/a-serious-call
a serious call to a devout and holy life pdf,PDF,1,A Serious Call to a Devout and Holy Life,William Law,https://ochorus.com/books/a-serious-call
william law a serious call to a devout and holy life,Author + title,1,A Serious Call to a Devout and Holy Life,William Law,https://ochorus.com/books/a-serious-call
a serious call to a devout and holy life free online,Free online,2,A Serious Call to a Devout and Holy Life,William Law,https://ochorus.com/books/a-serious-call
a serious call to a devout and holy life full text,Full text,2,A Serious Call to a Devout and Holy Life,William Law,https://ochorus.com/books/a-serious-call
a serious call to a devout and holy life summary,Summary,3,A Serious Call to a Devout and Holy Life,William Law,https://ochorus.com/books/a-serious-call
a short and easy method of prayer,Title (navigational),1,A Short and Easy Method of Prayer,Jeanne Guyon,https://ochorus.com/books/a-short-and-easy-method-of-prayer
a short and easy method of prayer read online,Read online,1,A Short and Easy Method of Prayer,Jeanne Guyon,https://ochorus.com/books/a-short-and-easy-method-of-prayer
a short and easy method of prayer pdf,PDF,1,A Short and Easy Method of Prayer,Jeanne Guyon,https://ochorus.com/books/a-short-and-easy-method-of-prayer
jeanne guyon a short and easy method of prayer,Author + title,1,A Short and Easy Method of Prayer,Jeanne Guyon,https://ochorus.com/books/a-short-and-easy-method-of-prayer
a short and easy method of prayer free online,Free online,2,A Short and Easy Method of Prayer,Jeanne Guyon,https://ochorus.com/books/a-short-and-easy-method-of-prayer
a short and easy method of prayer full text,Full text,2,A Short and Easy Method of Prayer,Jeanne Guyon,https://ochorus.com/books/a-short-and-easy-method-of-prayer
a short and easy method of prayer summary,Summary,3,A Short and Easy Method of Prayer,Jeanne Guyon,https://ochorus.com/books/a-short-and-easy-method-of-prayer
absolute surrender,Title (navigational),1,Absolute Surrender,Andrew Murray,https://ochorus.com/books/absolute-surrender
absolute surrender read online,Read online,1,Absolute Surrender,Andrew Murray,https://ochorus.com/books/absolute-surrender
absolute surrender pdf,PDF,1,Absolute Surrender,Andrew Murray,https://ochorus.com/books/absolute-surrender
andrew murray absolute surrender,Author + title,1,Absolute Surrender,Andrew Murray,https://ochorus.com/books/absolute-surrender
absolute surrender free online,Free online,2,Absolute Surrender,Andrew Murray,https://ochorus.com/books/absolute-surrender
absolute surrender full text,Full text,2,Absolute Surrender,Andrew Murray,https://ochorus.com/books/absolute-surrender
absolute surrender summary,Summary,3,Absolute Surrender,Andrew Murray,https://ochorus.com/books/absolute-surrender
all of grace,Title (navigational),1,All of Grace,Charles H. Spurgeon,https://ochorus.com/books/all-of-grace
all of grace read online,Read online,1,All of Grace,Charles H. Spurgeon,https://ochorus.com/books/all-of-grace
all of grace pdf,PDF,1,All of Grace,Charles H. Spurgeon,https://ochorus.com/books/all-of-grace
charles h. spurgeon all of grace,Author + title,1,All of Grace,Charles H. Spurgeon,https://ochorus.com/books/all-of-grace
all of grace free online,Free online,2,All of Grace,Charles H. Spurgeon,https://ochorus.com/books/all-of-grace
all of grace full text,Full text,2,All of Grace,Charles H. Spurgeon,https://ochorus.com/books/all-of-grace
all of grace summary,Summary,3,All of Grace,Charles H. Spurgeon,https://ochorus.com/books/all-of-grace
all things for good,Title (navigational),1,All Things for Good,Thomas Watson,https://ochorus.com/books/all-things-for-good
all things for good read online,Read online,1,All Things for Good,Thomas Watson,https://ochorus.com/books/all-things-for-good
all things for good pdf,PDF,1,All Things for Good,Thomas Watson,https://ochorus.com/books/all-things-for-good
thomas watson all things for good,Author + title,1,All Things for Good,Thomas Watson,https://ochorus.com/books/all-things-for-good
all things for good free online,Free online,2,All Things for Good,Thomas Watson,https://ochorus.com/books/all-things-for-good
all things for good full text,Full text,2,All Things for Good,Thomas Watson,https://ochorus.com/books/all-things-for-good
all things for good summary,Summary,3,All Things for Good,Thomas Watson,https://ochorus.com/books/all-things-for-good
an autobiography,Title (navigational),1,An Autobiography,Amanda Berry Smith,https://ochorus.com/books/amanda-smith-autobiography
an autobiography read online,Read online,1,An Autobiography,Amanda Berry Smith,https://ochorus.com/books/amanda-smith-autobiography
an autobiography pdf,PDF,1,An Autobiography,Amanda Berry Smith,https://ochorus.com/books/amanda-smith-autobiography
amanda berry smith an autobiography,Author + title,1,An Autobiography,Amanda Berry Smith,https://ochorus.com/books/amanda-smith-autobiography
an autobiography free online,Free online,2,An Autobiography,Amanda Berry Smith,https://ochorus.com/books/amanda-smith-autobiography
an autobiography full text,Full text,2,An Autobiography,Amanda Berry Smith,https://ochorus.com/books/amanda-smith-autobiography
an autobiography summary,Summary,3,An Autobiography,Amanda Berry Smith,https://ochorus.com/books/amanda-smith-autobiography
answers to prayer,Title (navigational),1,Answers to Prayer,George Müller,https://ochorus.com/books/answers-to-prayer
answers to prayer read online,Read online,1,Answers to Prayer,George Müller,https://ochorus.com/books/answers-to-prayer
answers to prayer pdf,PDF,1,Answers to Prayer,George Müller,https://ochorus.com/books/answers-to-prayer
george müller answers to prayer,Author + title,1,Answers to Prayer,George Müller,https://ochorus.com/books/answers-to-prayer
answers to prayer free online,Free online,2,Answers to Prayer,George Müller,https://ochorus.com/books/answers-to-prayer
answers to prayer full text,Full text,2,Answers to Prayer,George Müller,https://ochorus.com/books/answers-to-prayer
answers to prayer summary,Summary,3,Answers to Prayer,George Müller,https://ochorus.com/books/answers-to-prayer
around the wicket gate,Title (navigational),1,Around the Wicket Gate,Charles H. Spurgeon,https://ochorus.com/books/around-the-wicket-gate
around the wicket gate read online,Read online,1,Around the Wicket Gate,Charles H. Spurgeon,https://ochorus.com/books/around-the-wicket-gate
around the wicket gate pdf,PDF,1,Around the Wicket Gate,Charles H. Spurgeon,https://ochorus.com/books/around-the-wicket-gate
charles h. spurgeon around the wicket gate,Author + title,1,Around the Wicket Gate,Charles H. Spurgeon,https://ochorus.com/books/around-the-wicket-gate
around the wicket gate free online,Free online,2,Around the Wicket Gate,Charles H. Spurgeon,https://ochorus.com/books/around-the-wicket-gate
around the wicket gate full text,Full text,2,Around the Wicket Gate,Charles H. Spurgeon,https://ochorus.com/books/around-the-wicket-gate
around the wicket gate summary,Summary,3,Around the Wicket Gate,Charles H. Spurgeon,https://ochorus.com/books/around-the-wicket-gate
baptism with the holy spirit,Title (navigational),1,Baptism with the Holy Spirit,R. A. Torrey,https://ochorus.com/books/baptism-with-the-holy-spirit
baptism with the holy spirit read online,Read online,1,Baptism with the Holy Spirit,R. A. Torrey,https://ochorus.com/books/baptism-with-the-holy-spirit
baptism with the holy spirit pdf,PDF,1,Baptism with the Holy Spirit,R. A. Torrey,https://ochorus.com/books/baptism-with-the-holy-spirit
r. a. torrey baptism with the holy spirit,Author + title,1,Baptism with the Holy Spirit,R. A. Torrey,https://ochorus.com/books/baptism-with-the-holy-spirit
baptism with the holy spirit free online,Free online,2,Baptism with the Holy Spirit,R. A. Torrey,https://ochorus.com/books/baptism-with-the-holy-spirit
baptism with the holy spirit full text,Full text,2,Baptism with the Holy Spirit,R. A. Torrey,https://ochorus.com/books/baptism-with-the-holy-spirit
baptism with the holy spirit summary,Summary,3,Baptism with the Holy Spirit,R. A. Torrey,https://ochorus.com/books/baptism-with-the-holy-spirit
the cheque book of the bank of faith,Title (navigational),1,The Cheque Book of the Bank of Faith,Charles H. Spurgeon,https://ochorus.com/books/cheque-book
the cheque book of the bank of faith read online,Read online,1,The Cheque Book of the Bank of Faith,Charles H. Spurgeon,https://ochorus.com/books/cheque-book
the cheque book of the bank of faith pdf,PDF,1,The Cheque Book of the Bank of Faith,Charles H. Spurgeon,https://ochorus.com/books/cheque-book
charles h. spurgeon the cheque book of the bank of faith,Author + title,1,The Cheque Book of the Bank of Faith,Charles H. Spurgeon,https://ochorus.com/books/cheque-book
the cheque book of the bank of faith free online,Free online,2,The Cheque Book of the Bank of Faith,Charles H. Spurgeon,https://ochorus.com/books/cheque-book
the cheque book of the bank of faith full text,Full text,2,The Cheque Book of the Bank of Faith,Charles H. Spurgeon,https://ochorus.com/books/cheque-book
the cheque book of the bank of faith summary,Summary,3,The Cheque Book of the Bank of Faith,Charles H. Spurgeon,https://ochorus.com/books/cheque-book
clothed with strength and dignity,Title (navigational),1,Clothed with Strength and Dignity,Ochorus Originals,https://ochorus.com/books/clothed-with-strength-and-dignity
clothed with strength and dignity read online,Read online,1,Clothed with Strength and Dignity,Ochorus Originals,https://ochorus.com/books/clothed-with-strength-and-dignity
clothed with strength and dignity pdf,PDF,1,Clothed with Strength and Dignity,Ochorus Originals,https://ochorus.com/books/clothed-with-strength-and-dignity
ochorus originals clothed with strength and dignity,Author + title,1,Clothed with Strength and Dignity,Ochorus Originals,https://ochorus.com/books/clothed-with-strength-and-dignity
clothed with strength and dignity free online,Free online,2,Clothed with Strength and Dignity,Ochorus Originals,https://ochorus.com/books/clothed-with-strength-and-dignity
clothed with strength and dignity full text,Full text,2,Clothed with Strength and Dignity,Ochorus Originals,https://ochorus.com/books/clothed-with-strength-and-dignity
clothed with strength and dignity summary,Summary,3,Clothed with Strength and Dignity,Ochorus Originals,https://ochorus.com/books/clothed-with-strength-and-dignity
confessions,Title (navigational),1,Confessions,Augustine of Hippo,https://ochorus.com/books/confessions
confessions read online,Read online,1,Confessions,Augustine of Hippo,https://ochorus.com/books/confessions
confessions pdf,PDF,1,Confessions,Augustine of Hippo,https://ochorus.com/books/confessions
augustine of hippo confessions,Author + title,1,Confessions,Augustine of Hippo,https://ochorus.com/books/confessions
confessions free online,Free online,2,Confessions,Augustine of Hippo,https://ochorus.com/books/confessions
confessions full text,Full text,2,Confessions,Augustine of Hippo,https://ochorus.com/books/confessions
confessions summary,Summary,3,Confessions,Augustine of Hippo,https://ochorus.com/books/confessions
days of heaven upon earth,Title (navigational),1,Days of Heaven Upon Earth,A. B. Simpson,https://ochorus.com/books/days-of-heaven-upon-earth
days of heaven upon earth read online,Read online,1,Days of Heaven Upon Earth,A. B. Simpson,https://ochorus.com/books/days-of-heaven-upon-earth
days of heaven upon earth pdf,PDF,1,Days of Heaven Upon Earth,A. B. Simpson,https://ochorus.com/books/days-of-heaven-upon-earth
a. b. simpson days of heaven upon earth,Author + title,1,Days of Heaven Upon Earth,A. B. Simpson,https://ochorus.com/books/days-of-heaven-upon-earth
days of heaven upon earth free online,Free online,2,Days of Heaven Upon Earth,A. B. Simpson,https://ochorus.com/books/days-of-heaven-upon-earth
days of heaven upon earth full text,Full text,2,Days of Heaven Upon Earth,A. B. Simpson,https://ochorus.com/books/days-of-heaven-upon-earth
days of heaven upon earth summary,Summary,3,Days of Heaven Upon Earth,A. B. Simpson,https://ochorus.com/books/days-of-heaven-upon-earth
divine healing,Title (navigational),1,Divine Healing,Andrew Murray,https://ochorus.com/books/divine-healing
divine healing read online,Read online,1,Divine Healing,Andrew Murray,https://ochorus.com/books/divine-healing
divine healing pdf,PDF,1,Divine Healing,Andrew Murray,https://ochorus.com/books/divine-healing
andrew murray divine healing,Author + title,1,Divine Healing,Andrew Murray,https://ochorus.com/books/divine-healing
divine healing free online,Free online,2,Divine Healing,Andrew Murray,https://ochorus.com/books/divine-healing
divine healing full text,Full text,2,Divine Healing,Andrew Murray,https://ochorus.com/books/divine-healing
divine healing summary,Summary,3,Divine Healing,Andrew Murray,https://ochorus.com/books/divine-healing
the enchiridion,Title (navigational),1,The Enchiridion,Augustine of Hippo,https://ochorus.com/books/enchiridion
the enchiridion read online,Read online,1,The Enchiridion,Augustine of Hippo,https://ochorus.com/books/enchiridion
the enchiridion pdf,PDF,1,The Enchiridion,Augustine of Hippo,https://ochorus.com/books/enchiridion
augustine of hippo the enchiridion,Author + title,1,The Enchiridion,Augustine of Hippo,https://ochorus.com/books/enchiridion
the enchiridion free online,Free online,2,The Enchiridion,Augustine of Hippo,https://ochorus.com/books/enchiridion
the enchiridion full text,Full text,2,The Enchiridion,Augustine of Hippo,https://ochorus.com/books/enchiridion
the enchiridion summary,Summary,3,The Enchiridion,Augustine of Hippo,https://ochorus.com/books/enchiridion
the epistles of ignatius and his life's story,Title (navigational),1,The Epistles of Ignatius and His Life's Story,Ignatius of Antioch,https://ochorus.com/books/epistles-of-ignatius
the epistles of ignatius and his life's story read online,Read online,1,The Epistles of Ignatius and His Life's Story,Ignatius of Antioch,https://ochorus.com/books/epistles-of-ignatius
the epistles of ignatius and his life's story pdf,PDF,1,The Epistles of Ignatius and His Life's Story,Ignatius of Antioch,https://ochorus.com/books/epistles-of-ignatius
ignatius of antioch the epistles of ignatius and his life's story,Author + title,1,The Epistles of Ignatius and His Life's Story,Ignatius of Antioch,https://ochorus.com/books/epistles-of-ignatius
the epistles of ignatius and his life's story free online,Free online,2,The Epistles of Ignatius and His Life's Story,Ignatius of Antioch,https://ochorus.com/books/epistles-of-ignatius
the epistles of ignatius and his life's story full text,Full text,2,The Epistles of Ignatius and His Life's Story,Ignatius of Antioch,https://ochorus.com/books/epistles-of-ignatius
the epistles of ignatius and his life's story summary,Summary,3,The Epistles of Ignatius and His Life's Story,Ignatius of Antioch,https://ochorus.com/books/epistles-of-ignatius
the essentials of prayer,Title (navigational),1,The Essentials of Prayer,E. M. Bounds,https://ochorus.com/books/essentials-of-prayer
the essentials of prayer read online,Read online,1,The Essentials of Prayer,E. M. Bounds,https://ochorus.com/books/essentials-of-prayer
the essentials of prayer pdf,PDF,1,The Essentials of Prayer,E. M. Bounds,https://ochorus.com/books/essentials-of-prayer
e. m. bounds the essentials of prayer,Author + title,1,The Essentials of Prayer,E. M. Bounds,https://ochorus.com/books/essentials-of-prayer
the essentials of prayer free online,Free online,2,The Essentials of Prayer,E. M. Bounds,https://ochorus.com/books/essentials-of-prayer
the essentials of prayer full text,Full text,2,The Essentials of Prayer,E. M. Bounds,https://ochorus.com/books/essentials-of-prayer
the essentials of prayer summary,Summary,3,The Essentials of Prayer,E. M. Bounds,https://ochorus.com/books/essentials-of-prayer
evening by evening,Title (navigational),1,Evening by Evening,Charles H. Spurgeon,https://ochorus.com/books/evening-by-evening
evening by evening read online,Read online,1,Evening by Evening,Charles H. Spurgeon,https://ochorus.com/books/evening-by-evening
evening by evening pdf,PDF,1,Evening by Evening,Charles H. Spurgeon,https://ochorus.com/books/evening-by-evening
charles h. spurgeon evening by evening,Author + title,1,Evening by Evening,Charles H. Spurgeon,https://ochorus.com/books/evening-by-evening
evening by evening free online,Free online,2,Evening by Evening,Charles H. Spurgeon,https://ochorus.com/books/evening-by-evening
evening by evening full text,Full text,2,Evening by Evening,Charles H. Spurgeon,https://ochorus.com/books/evening-by-evening
evening by evening summary,Summary,3,Evening by Evening,Charles H. Spurgeon,https://ochorus.com/books/evening-by-evening
feasting at the table,Title (navigational),1,Feasting at the table,Gareth Evans,https://ochorus.com/books/feasting-at-the-table
feasting at the table read online,Read online,1,Feasting at the table,Gareth Evans,https://ochorus.com/books/feasting-at-the-table
feasting at the table pdf,PDF,1,Feasting at the table,Gareth Evans,https://ochorus.com/books/feasting-at-the-table
gareth evans feasting at the table,Author + title,1,Feasting at the table,Gareth Evans,https://ochorus.com/books/feasting-at-the-table
feasting at the table free online,Free online,2,Feasting at the table,Gareth Evans,https://ochorus.com/books/feasting-at-the-table
feasting at the table full text,Full text,2,Feasting at the table,Gareth Evans,https://ochorus.com/books/feasting-at-the-table
feasting at the table summary,Summary,3,Feasting at the table,Gareth Evans,https://ochorus.com/books/feasting-at-the-table
the first epistle of clement to the corinthians,Title (navigational),1,The First Epistle of Clement to the Corinthians,Clement of Rome,https://ochorus.com/books/first-epistle-of-clement
the first epistle of clement to the corinthians read online,Read online,1,The First Epistle of Clement to the Corinthians,Clement of Rome,https://ochorus.com/books/first-epistle-of-clement
the first epistle of clement to the corinthians pdf,PDF,1,The First Epistle of Clement to the Corinthians,Clement of Rome,https://ochorus.com/books/first-epistle-of-clement
clement of rome the first epistle of clement to the corinthians,Author + title,1,The First Epistle of Clement to the Corinthians,Clement of Rome,https://ochorus.com/books/first-epistle-of-clement
the first epistle of clement to the corinthians free online,Free online,2,The First Epistle of Clement to the Corinthians,Clement of Rome,https://ochorus.com/books/first-epistle-of-clement
the first epistle of clement to the corinthians full text,Full text,2,The First Epistle of Clement to the Corinthians,Clement of Rome,https://ochorus.com/books/first-epistle-of-clement
the first epistle of clement to the corinthians summary,Summary,3,The First Epistle of Clement to the Corinthians,Clement of Rome,https://ochorus.com/books/first-epistle-of-clement
freedom of the will,Title (navigational),1,Freedom of the Will,Jonathan Edwards,https://ochorus.com/books/freedom-of-the-will
freedom of the will read online,Read online,1,Freedom of the Will,Jonathan Edwards,https://ochorus.com/books/freedom-of-the-will
freedom of the will pdf,PDF,1,Freedom of the Will,Jonathan Edwards,https://ochorus.com/books/freedom-of-the-will
jonathan edwards freedom of the will,Author + title,1,Freedom of the Will,Jonathan Edwards,https://ochorus.com/books/freedom-of-the-will
freedom of the will free online,Free online,2,Freedom of the Will,Jonathan Edwards,https://ochorus.com/books/freedom-of-the-will
freedom of the will full text,Full text,2,Freedom of the Will,Jonathan Edwards,https://ochorus.com/books/freedom-of-the-will
freedom of the will summary,Summary,3,Freedom of the Will,Jonathan Edwards,https://ochorus.com/books/freedom-of-the-will
gleanings among the sheaves,Title (navigational),1,Gleanings Among the Sheaves,Charles H. Spurgeon,https://ochorus.com/books/gleanings-among-the-sheaves
gleanings among the sheaves read online,Read online,1,Gleanings Among the Sheaves,Charles H. Spurgeon,https://ochorus.com/books/gleanings-among-the-sheaves
gleanings among the sheaves pdf,PDF,1,Gleanings Among the Sheaves,Charles H. Spurgeon,https://ochorus.com/books/gleanings-among-the-sheaves
charles h. spurgeon gleanings among the sheaves,Author + title,1,Gleanings Among the Sheaves,Charles H. Spurgeon,https://ochorus.com/books/gleanings-among-the-sheaves
gleanings among the sheaves free online,Free online,2,Gleanings Among the Sheaves,Charles H. Spurgeon,https://ochorus.com/books/gleanings-among-the-sheaves
gleanings among the sheaves full text,Full text,2,Gleanings Among the Sheaves,Charles H. Spurgeon,https://ochorus.com/books/gleanings-among-the-sheaves
gleanings among the sheaves summary,Summary,3,Gleanings Among the Sheaves,Charles H. Spurgeon,https://ochorus.com/books/gleanings-among-the-sheaves
godliness,Title (navigational),1,Godliness,Catherine Booth,https://ochorus.com/books/godliness
godliness read online,Read online,1,Godliness,Catherine Booth,https://ochorus.com/books/godliness
godliness pdf,PDF,1,Godliness,Catherine Booth,https://ochorus.com/books/godliness
catherine booth godliness,Author + title,1,Godliness,Catherine Booth,https://ochorus.com/books/godliness
godliness free online,Free online,2,Godliness,Catherine Booth,https://ochorus.com/books/godliness
godliness full text,Full text,2,Godliness,Catherine Booth,https://ochorus.com/books/godliness
godliness summary,Summary,3,Godliness,Catherine Booth,https://ochorus.com/books/godliness
grace abounding to the chief of sinners,Title (navigational),1,Grace Abounding to the Chief of Sinners,John Bunyan,https://ochorus.com/books/grace-abounding
grace abounding to the chief of sinners read online,Read online,1,Grace Abounding to the Chief of Sinners,John Bunyan,https://ochorus.com/books/grace-abounding
grace abounding to the chief of sinners pdf,PDF,1,Grace Abounding to the Chief of Sinners,John Bunyan,https://ochorus.com/books/grace-abounding
john bunyan grace abounding to the chief of sinners,Author + title,1,Grace Abounding to the Chief of Sinners,John Bunyan,https://ochorus.com/books/grace-abounding
grace abounding to the chief of sinners free online,Free online,2,Grace Abounding to the Chief of Sinners,John Bunyan,https://ochorus.com/books/grace-abounding
grace abounding to the chief of sinners full text,Full text,2,Grace Abounding to the Chief of Sinners,John Bunyan,https://ochorus.com/books/grace-abounding
grace abounding to the chief of sinners summary,Summary,3,Grace Abounding to the Chief of Sinners,John Bunyan,https://ochorus.com/books/grace-abounding
grace for grace,Title (navigational),1,Grace For Grace,Watchman Nee,https://ochorus.com/books/grace-for-grace-2
grace for grace read online,Read online,1,Grace For Grace,Watchman Nee,https://ochorus.com/books/grace-for-grace-2
grace for grace pdf,PDF,1,Grace For Grace,Watchman Nee,https://ochorus.com/books/grace-for-grace-2
watchman nee grace for grace,Author + title,1,Grace For Grace,Watchman Nee,https://ochorus.com/books/grace-for-grace-2
grace for grace free online,Free online,2,Grace For Grace,Watchman Nee,https://ochorus.com/books/grace-for-grace-2
grace for grace full text,Full text,2,Grace For Grace,Watchman Nee,https://ochorus.com/books/grace-for-grace-2
grace for grace summary,Summary,3,Grace For Grace,Watchman Nee,https://ochorus.com/books/grace-for-grace-2
he holds my tomorrows,Title (navigational),1,He Holds My Tomorrows,Gareth Evans,https://ochorus.com/books/he-holds-my-tomorrows
he holds my tomorrows read online,Read online,1,He Holds My Tomorrows,Gareth Evans,https://ochorus.com/books/he-holds-my-tomorrows
he holds my tomorrows pdf,PDF,1,He Holds My Tomorrows,Gareth Evans,https://ochorus.com/books/he-holds-my-tomorrows
gareth evans he holds my tomorrows,Author + title,1,He Holds My Tomorrows,Gareth Evans,https://ochorus.com/books/he-holds-my-tomorrows
he holds my tomorrows free online,Free online,2,He Holds My Tomorrows,Gareth Evans,https://ochorus.com/books/he-holds-my-tomorrows
he holds my tomorrows full text,Full text,2,He Holds My Tomorrows,Gareth Evans,https://ochorus.com/books/he-holds-my-tomorrows
he holds my tomorrows summary,Summary,3,He Holds My Tomorrows,Gareth Evans,https://ochorus.com/books/he-holds-my-tomorrows
holy in christ,Title (navigational),1,Holy in Christ,Andrew Murray,https://ochorus.com/books/holy-in-christ
holy in christ read online,Read online,1,Holy in Christ,Andrew Murray,https://ochorus.com/books/holy-in-christ
holy in christ pdf,PDF,1,Holy in Christ,Andrew Murray,https://ochorus.com/books/holy-in-christ
andrew murray holy in christ,Author + title,1,Holy in Christ,Andrew Murray,https://ochorus.com/books/holy-in-christ
holy in christ free online,Free online,2,Holy in Christ,Andrew Murray,https://ochorus.com/books/holy-in-christ
holy in christ full text,Full text,2,Holy in Christ,Andrew Murray,https://ochorus.com/books/holy-in-christ
holy in christ summary,Summary,3,Holy in Christ,Andrew Murray,https://ochorus.com/books/holy-in-christ
how to bring men to christ,Title (navigational),1,How to Bring Men to Christ,R. A. Torrey,https://ochorus.com/books/how-to-bring-men-to-christ
how to bring men to christ read online,Read online,1,How to Bring Men to Christ,R. A. Torrey,https://ochorus.com/books/how-to-bring-men-to-christ
how to bring men to christ pdf,PDF,1,How to Bring Men to Christ,R. A. Torrey,https://ochorus.com/books/how-to-bring-men-to-christ
r. a. torrey how to bring men to christ,Author + title,1,How to Bring Men to Christ,R. A. Torrey,https://ochorus.com/books/how-to-bring-men-to-christ
how to bring men to christ free online,Free online,2,How to Bring Men to Christ,R. A. Torrey,https://ochorus.com/books/how-to-bring-men-to-christ
how to bring men to christ full text,Full text,2,How to Bring Men to Christ,R. A. Torrey,https://ochorus.com/books/how-to-bring-men-to-christ
how to bring men to christ summary,Summary,3,How to Bring Men to Christ,R. A. Torrey,https://ochorus.com/books/how-to-bring-men-to-christ
how to succeed in the christian life,Title (navigational),1,How to Succeed in the Christian Life,R. A. Torrey,https://ochorus.com/books/how-to-succeed-in-the-christian-life
how to succeed in the christian life read online,Read online,1,How to Succeed in the Christian Life,R. A. Torrey,https://ochorus.com/books/how-to-succeed-in-the-christian-life
how to succeed in the christian life pdf,PDF,1,How to Succeed in the Christian Life,R. A. Torrey,https://ochorus.com/books/how-to-succeed-in-the-christian-life
r. a. torrey how to succeed in the christian life,Author + title,1,How to Succeed in the Christian Life,R. A. Torrey,https://ochorus.com/books/how-to-succeed-in-the-christian-life
how to succeed in the christian life free online,Free online,2,How to Succeed in the Christian Life,R. A. Torrey,https://ochorus.com/books/how-to-succeed-in-the-christian-life
how to succeed in the christian life full text,Full text,2,How to Succeed in the Christian Life,R. A. Torrey,https://ochorus.com/books/how-to-succeed-in-the-christian-life
how to succeed in the christian life summary,Summary,3,How to Succeed in the Christian Life,R. A. Torrey,https://ochorus.com/books/how-to-succeed-in-the-christian-life
humility,Title (navigational),1,Humility,Andrew Murray,https://ochorus.com/books/humility-2
humility read online,Read online,1,Humility,Andrew Murray,https://ochorus.com/books/humility-2
humility pdf,PDF,1,Humility,Andrew Murray,https://ochorus.com/books/humility-2
andrew murray humility,Author + title,1,Humility,Andrew Murray,https://ochorus.com/books/humility-2
humility free online,Free online,2,Humility,Andrew Murray,https://ochorus.com/books/humility-2
humility full text,Full text,2,Humility,Andrew Murray,https://ochorus.com/books/humility-2
humility summary,Summary,3,Humility,Andrew Murray,https://ochorus.com/books/humility-2
if,Title (navigational),1,If,Amy Carmichael,https://ochorus.com/books/if
if read online,Read online,1,If,Amy Carmichael,https://ochorus.com/books/if
if pdf,PDF,1,If,Amy Carmichael,https://ochorus.com/books/if
amy carmichael if,Author + title,1,If,Amy Carmichael,https://ochorus.com/books/if
if free online,Free online,2,If,Amy Carmichael,https://ochorus.com/books/if
if full text,Full text,2,If,Amy Carmichael,https://ochorus.com/books/if
if summary,Summary,3,If,Amy Carmichael,https://ochorus.com/books/if
jesus himself,Title (navigational),1,Jesus Himself,Andrew Murray,https://ochorus.com/books/jesus-himself-2
jesus himself read online,Read online,1,Jesus Himself,Andrew Murray,https://ochorus.com/books/jesus-himself-2
jesus himself pdf,PDF,1,Jesus Himself,Andrew Murray,https://ochorus.com/books/jesus-himself-2
andrew murray jesus himself,Author + title,1,Jesus Himself,Andrew Murray,https://ochorus.com/books/jesus-himself-2
jesus himself free online,Free online,2,Jesus Himself,Andrew Murray,https://ochorus.com/books/jesus-himself-2
jesus himself full text,Full text,2,Jesus Himself,Andrew Murray,https://ochorus.com/books/jesus-himself-2
jesus himself summary,Summary,3,Jesus Himself,Andrew Murray,https://ochorus.com/books/jesus-himself-2
journal of an expedition up the niger,Title (navigational),1,Journal of an Expedition up the Niger,Samuel Ajayi Crowther,https://ochorus.com/books/journal-of-an-expedition-up-the-niger
journal of an expedition up the niger read online,Read online,1,Journal of an Expedition up the Niger,Samuel Ajayi Crowther,https://ochorus.com/books/journal-of-an-expedition-up-the-niger
journal of an expedition up the niger pdf,PDF,1,Journal of an Expedition up the Niger,Samuel Ajayi Crowther,https://ochorus.com/books/journal-of-an-expedition-up-the-niger
samuel ajayi crowther journal of an expedition up the niger,Author + title,1,Journal of an Expedition up the Niger,Samuel Ajayi Crowther,https://ochorus.com/books/journal-of-an-expedition-up-the-niger
journal of an expedition up the niger free online,Free online,2,Journal of an Expedition up the Niger,Samuel Ajayi Crowther,https://ochorus.com/books/journal-of-an-expedition-up-the-niger
journal of an expedition up the niger full text,Full text,2,Journal of an Expedition up the Niger,Samuel Ajayi Crowther,https://ochorus.com/books/journal-of-an-expedition-up-the-niger
journal of an expedition up the niger summary,Summary,3,Journal of an Expedition up the Niger,Samuel Ajayi Crowther,https://ochorus.com/books/journal-of-an-expedition-up-the-niger
let us pray,Title (navigational),1,Let Us Pray,Watchman Nee,https://ochorus.com/books/let-us-pray-2
let us pray read online,Read online,1,Let Us Pray,Watchman Nee,https://ochorus.com/books/let-us-pray-2
let us pray pdf,PDF,1,Let Us Pray,Watchman Nee,https://ochorus.com/books/let-us-pray-2
watchman nee let us pray,Author + title,1,Let Us Pray,Watchman Nee,https://ochorus.com/books/let-us-pray-2
let us pray free online,Free online,2,Let Us Pray,Watchman Nee,https://ochorus.com/books/let-us-pray-2
let us pray full text,Full text,2,Let Us Pray,Watchman Nee,https://ochorus.com/books/let-us-pray-2
let us pray summary,Summary,3,Let Us Pray,Watchman Nee,https://ochorus.com/books/let-us-pray-2
the life and diary of david brainerd,Title (navigational),1,The Life and Diary of David Brainerd,David Brainerd,https://ochorus.com/books/life-and-diary-of-david-brainerd
the life and diary of david brainerd read online,Read online,1,The Life and Diary of David Brainerd,David Brainerd,https://ochorus.com/books/life-and-diary-of-david-brainerd
the life and diary of david brainerd pdf,PDF,1,The Life and Diary of David Brainerd,David Brainerd,https://ochorus.com/books/life-and-diary-of-david-brainerd
david brainerd the life and diary of david brainerd,Author + title,1,The Life and Diary of David Brainerd,David Brainerd,https://ochorus.com/books/life-and-diary-of-david-brainerd
the life and diary of david brainerd free online,Free online,2,The Life and Diary of David Brainerd,David Brainerd,https://ochorus.com/books/life-and-diary-of-david-brainerd
the life and diary of david brainerd full text,Full text,2,The Life and Diary of David Brainerd,David Brainerd,https://ochorus.com/books/life-and-diary-of-david-brainerd
the life and diary of david brainerd summary,Summary,3,The Life and Diary of David Brainerd,David Brainerd,https://ochorus.com/books/life-and-diary-of-david-brainerd
"the life, experience, and gospel labours",Title (navigational),1,"The Life, Experience, and Gospel Labours",Richard Allen,https://ochorus.com/books/life-experience-gospel-labours
"the life, experience, and gospel labours read online",Read online,1,"The Life, Experience, and Gospel Labours",Richard Allen,https://ochorus.com/books/life-experience-gospel-labours
"the life, experience, and gospel labours pdf",PDF,1,"The Life, Experience, and Gospel Labours",Richard Allen,https://ochorus.com/books/life-experience-gospel-labours
"richard allen the life, experience, and gospel labours",Author + title,1,"The Life, Experience, and Gospel Labours",Richard Allen,https://ochorus.com/books/life-experience-gospel-labours
"the life, experience, and gospel labours free online",Free online,2,"The Life, Experience, and Gospel Labours",Richard Allen,https://ochorus.com/books/life-experience-gospel-labours
"the life, experience, and gospel labours full text",Full text,2,"The Life, Experience, and Gospel Labours",Richard Allen,https://ochorus.com/books/life-experience-gospel-labours
"the life, experience, and gospel labours summary",Summary,3,"The Life, Experience, and Gospel Labours",Richard Allen,https://ochorus.com/books/life-experience-gospel-labours
the life of antony,Title (navigational),1,The Life of Antony,Athanasius of Alexandria,https://ochorus.com/books/life-of-antony
the life of antony read online,Read online,1,The Life of Antony,Athanasius of Alexandria,https://ochorus.com/books/life-of-antony
the life of antony pdf,PDF,1,The Life of Antony,Athanasius of Alexandria,https://ochorus.com/books/life-of-antony
athanasius of alexandria the life of antony,Author + title,1,The Life of Antony,Athanasius of Alexandria,https://ochorus.com/books/life-of-antony
the life of antony free online,Free online,2,The Life of Antony,Athanasius of Alexandria,https://ochorus.com/books/life-of-antony
the life of antony full text,Full text,2,The Life of Antony,Athanasius of Alexandria,https://ochorus.com/books/life-of-antony
the life of antony summary,Summary,3,The Life of Antony,Athanasius of Alexandria,https://ochorus.com/books/life-of-antony
"lord, teach us to pray",Title (navigational),1,"Lord, Teach Us To Pray",Andrew Murray,https://ochorus.com/books/lord-teach-us-to-pray-2
"lord, teach us to pray read online",Read online,1,"Lord, Teach Us To Pray",Andrew Murray,https://ochorus.com/books/lord-teach-us-to-pray-2
"lord, teach us to pray pdf",PDF,1,"Lord, Teach Us To Pray",Andrew Murray,https://ochorus.com/books/lord-teach-us-to-pray-2
"andrew murray lord, teach us to pray",Author + title,1,"Lord, Teach Us To Pray",Andrew Murray,https://ochorus.com/books/lord-teach-us-to-pray-2
"lord, teach us to pray free online",Free online,2,"Lord, Teach Us To Pray",Andrew Murray,https://ochorus.com/books/lord-teach-us-to-pray-2
"lord, teach us to pray full text",Full text,2,"Lord, Teach Us To Pray",Andrew Murray,https://ochorus.com/books/lord-teach-us-to-pray-2
"lord, teach us to pray summary",Summary,3,"Lord, Teach Us To Pray",Andrew Murray,https://ochorus.com/books/lord-teach-us-to-pray-2
men and women who gave everything,Title (navigational),1,Men and Women Who Gave Everything,Ochorus Originals,https://ochorus.com/books/men-and-women-who-gave-everything-2
men and women who gave everything read online,Read online,1,Men and Women Who Gave Everything,Ochorus Originals,https://ochorus.com/books/men-and-women-who-gave-everything-2
men and women who gave everything pdf,PDF,1,Men and Women Who Gave Everything,Ochorus Originals,https://ochorus.com/books/men-and-women-who-gave-everything-2
ochorus originals men and women who gave everything,Author + title,1,Men and Women Who Gave Everything,Ochorus Originals,https://ochorus.com/books/men-and-women-who-gave-everything-2
men and women who gave everything free online,Free online,2,Men and Women Who Gave Everything,Ochorus Originals,https://ochorus.com/books/men-and-women-who-gave-everything-2
men and women who gave everything full text,Full text,2,Men and Women Who Gave Everything,Ochorus Originals,https://ochorus.com/books/men-and-women-who-gave-everything-2
men and women who gave everything summary,Summary,3,Men and Women Who Gave Everything,Ochorus Originals,https://ochorus.com/books/men-and-women-who-gave-everything-2
men of prayer,Title (navigational),1,Men of Prayer,Ochorus Originals,https://ochorus.com/books/men-of-prayer-2
men of prayer read online,Read online,1,Men of Prayer,Ochorus Originals,https://ochorus.com/books/men-of-prayer-2
men of prayer pdf,PDF,1,Men of Prayer,Ochorus Originals,https://ochorus.com/books/men-of-prayer-2
ochorus originals men of prayer,Author + title,1,Men of Prayer,Ochorus Originals,https://ochorus.com/books/men-of-prayer-2
men of prayer free online,Free online,2,Men of Prayer,Ochorus Originals,https://ochorus.com/books/men-of-prayer-2
men of prayer full text,Full text,2,Men of Prayer,Ochorus Originals,https://ochorus.com/books/men-of-prayer-2
men of prayer summary,Summary,3,Men of Prayer,Ochorus Originals,https://ochorus.com/books/men-of-prayer-2
men who moved heaven,Title (navigational),1,Men Who Moved Heaven,Ochorus Originals,https://ochorus.com/books/men-who-moved-heaven
men who moved heaven read online,Read online,1,Men Who Moved Heaven,Ochorus Originals,https://ochorus.com/books/men-who-moved-heaven
men who moved heaven pdf,PDF,1,Men Who Moved Heaven,Ochorus Originals,https://ochorus.com/books/men-who-moved-heaven
ochorus originals men who moved heaven,Author + title,1,Men Who Moved Heaven,Ochorus Originals,https://ochorus.com/books/men-who-moved-heaven
men who moved heaven free online,Free online,2,Men Who Moved Heaven,Ochorus Originals,https://ochorus.com/books/men-who-moved-heaven
men who moved heaven full text,Full text,2,Men Who Moved Heaven,Ochorus Originals,https://ochorus.com/books/men-who-moved-heaven
men who moved heaven summary,Summary,3,Men Who Moved Heaven,Ochorus Originals,https://ochorus.com/books/men-who-moved-heaven
men who tended the flock,Title (navigational),1,Men Who Tended the Flock,Ochorus Originals,https://ochorus.com/books/men-who-tended-the-flock-2
men who tended the flock read online,Read online,1,Men Who Tended the Flock,Ochorus Originals,https://ochorus.com/books/men-who-tended-the-flock-2
men who tended the flock pdf,PDF,1,Men Who Tended the Flock,Ochorus Originals,https://ochorus.com/books/men-who-tended-the-flock-2
ochorus originals men who tended the flock,Author + title,1,Men Who Tended the Flock,Ochorus Originals,https://ochorus.com/books/men-who-tended-the-flock-2
men who tended the flock free online,Free online,2,Men Who Tended the Flock,Ochorus Originals,https://ochorus.com/books/men-who-tended-the-flock-2
men who tended the flock full text,Full text,2,Men Who Tended the Flock,Ochorus Originals,https://ochorus.com/books/men-who-tended-the-flock-2
men who tended the flock summary,Summary,3,Men Who Tended the Flock,Ochorus Originals,https://ochorus.com/books/men-who-tended-the-flock-2
the ministry of intercession,Title (navigational),1,The Ministry of Intercession,Andrew Murray,https://ochorus.com/books/ministry-of-intercession
the ministry of intercession read online,Read online,1,The Ministry of Intercession,Andrew Murray,https://ochorus.com/books/ministry-of-intercession
the ministry of intercession pdf,PDF,1,The Ministry of Intercession,Andrew Murray,https://ochorus.com/books/ministry-of-intercession
andrew murray the ministry of intercession,Author + title,1,The Ministry of Intercession,Andrew Murray,https://ochorus.com/books/ministry-of-intercession
the ministry of intercession free online,Free online,2,The Ministry of Intercession,Andrew Murray,https://ochorus.com/books/ministry-of-intercession
the ministry of intercession full text,Full text,2,The Ministry of Intercession,Andrew Murray,https://ochorus.com/books/ministry-of-intercession
the ministry of intercession summary,Summary,3,The Ministry of Intercession,Andrew Murray,https://ochorus.com/books/ministry-of-intercession
morning by morning,Title (navigational),1,Morning by Morning,Charles H. Spurgeon,https://ochorus.com/books/morning-by-morning
morning by morning read online,Read online,1,Morning by Morning,Charles H. Spurgeon,https://ochorus.com/books/morning-by-morning
morning by morning pdf,PDF,1,Morning by Morning,Charles H. Spurgeon,https://ochorus.com/books/morning-by-morning
charles h. spurgeon morning by morning,Author + title,1,Morning by Morning,Charles H. Spurgeon,https://ochorus.com/books/morning-by-morning
morning by morning free online,Free online,2,Morning by Morning,Charles H. Spurgeon,https://ochorus.com/books/morning-by-morning
morning by morning full text,Full text,2,Morning by Morning,Charles H. Spurgeon,https://ochorus.com/books/morning-by-morning
morning by morning summary,Summary,3,Morning by Morning,Charles H. Spurgeon,https://ochorus.com/books/morning-by-morning
the mortification of sin in believers,Title (navigational),1,The Mortification of Sin in Believers,John Owen,https://ochorus.com/books/mortification-of-sin
the mortification of sin in believers read online,Read online,1,The Mortification of Sin in Believers,John Owen,https://ochorus.com/books/mortification-of-sin
the mortification of sin in believers pdf,PDF,1,The Mortification of Sin in Believers,John Owen,https://ochorus.com/books/mortification-of-sin
john owen the mortification of sin in believers,Author + title,1,The Mortification of Sin in Believers,John Owen,https://ochorus.com/books/mortification-of-sin
the mortification of sin in believers free online,Free online,2,The Mortification of Sin in Believers,John Owen,https://ochorus.com/books/mortification-of-sin
the mortification of sin in believers full text,Full text,2,The Mortification of Sin in Believers,John Owen,https://ochorus.com/books/mortification-of-sin
the mortification of sin in believers summary,Summary,3,The Mortification of Sin in Believers,John Owen,https://ochorus.com/books/mortification-of-sin
the necessity of prayer,Title (navigational),1,The Necessity of Prayer,E. M. Bounds,https://ochorus.com/books/necessity-of-prayer
the necessity of prayer read online,Read online,1,The Necessity of Prayer,E. M. Bounds,https://ochorus.com/books/necessity-of-prayer
the necessity of prayer pdf,PDF,1,The Necessity of Prayer,E. M. Bounds,https://ochorus.com/books/necessity-of-prayer
e. m. bounds the necessity of prayer,Author + title,1,The Necessity of Prayer,E. M. Bounds,https://ochorus.com/books/necessity-of-prayer
the necessity of prayer free online,Free online,2,The Necessity of Prayer,E. M. Bounds,https://ochorus.com/books/necessity-of-prayer
the necessity of prayer full text,Full text,2,The Necessity of Prayer,E. M. Bounds,https://ochorus.com/books/necessity-of-prayer
the necessity of prayer summary,Summary,3,The Necessity of Prayer,E. M. Bounds,https://ochorus.com/books/necessity-of-prayer
on loving god,Title (navigational),1,On Loving God,Bernard of Clairvaux,https://ochorus.com/books/on-loving-god
on loving god read online,Read online,1,On Loving God,Bernard of Clairvaux,https://ochorus.com/books/on-loving-god
on loving god pdf,PDF,1,On Loving God,Bernard of Clairvaux,https://ochorus.com/books/on-loving-god
bernard of clairvaux on loving god,Author + title,1,On Loving God,Bernard of Clairvaux,https://ochorus.com/books/on-loving-god
on loving god free online,Free online,2,On Loving God,Bernard of Clairvaux,https://ochorus.com/books/on-loving-god
on loving god full text,Full text,2,On Loving God,Bernard of Clairvaux,https://ochorus.com/books/on-loving-god
on loving god summary,Summary,3,On Loving God,Bernard of Clairvaux,https://ochorus.com/books/on-loving-god
on the incarnation,Title (navigational),1,On the Incarnation,Athanasius of Alexandria,https://ochorus.com/books/on-the-incarnation
on the incarnation read online,Read online,1,On the Incarnation,Athanasius of Alexandria,https://ochorus.com/books/on-the-incarnation
on the incarnation pdf,PDF,1,On the Incarnation,Athanasius of Alexandria,https://ochorus.com/books/on-the-incarnation
athanasius of alexandria on the incarnation,Author + title,1,On the Incarnation,Athanasius of Alexandria,https://ochorus.com/books/on-the-incarnation
on the incarnation free online,Free online,2,On the Incarnation,Athanasius of Alexandria,https://ochorus.com/books/on-the-incarnation
on the incarnation full text,Full text,2,On the Incarnation,Athanasius of Alexandria,https://ochorus.com/books/on-the-incarnation
on the incarnation summary,Summary,3,On the Incarnation,Athanasius of Alexandria,https://ochorus.com/books/on-the-incarnation
on the priesthood,Title (navigational),1,On the Priesthood,John Chrysostom,https://ochorus.com/books/on-the-priesthood
on the priesthood read online,Read online,1,On the Priesthood,John Chrysostom,https://ochorus.com/books/on-the-priesthood
on the priesthood pdf,PDF,1,On the Priesthood,John Chrysostom,https://ochorus.com/books/on-the-priesthood
john chrysostom on the priesthood,Author + title,1,On the Priesthood,John Chrysostom,https://ochorus.com/books/on-the-priesthood
on the priesthood free online,Free online,2,On the Priesthood,John Chrysostom,https://ochorus.com/books/on-the-priesthood
on the priesthood full text,Full text,2,On the Priesthood,John Chrysostom,https://ochorus.com/books/on-the-priesthood
on the priesthood summary,Summary,3,On the Priesthood,John Chrysostom,https://ochorus.com/books/on-the-priesthood
our daily walk,Title (navigational),1,Our Daily Walk,Frederick Brotherton Meyer,https://ochorus.com/books/our-daily-walk
our daily walk read online,Read online,1,Our Daily Walk,Frederick Brotherton Meyer,https://ochorus.com/books/our-daily-walk
our daily walk pdf,PDF,1,Our Daily Walk,Frederick Brotherton Meyer,https://ochorus.com/books/our-daily-walk
frederick brotherton meyer our daily walk,Author + title,1,Our Daily Walk,Frederick Brotherton Meyer,https://ochorus.com/books/our-daily-walk
our daily walk free online,Free online,2,Our Daily Walk,Frederick Brotherton Meyer,https://ochorus.com/books/our-daily-walk
our daily walk full text,Full text,2,Our Daily Walk,Frederick Brotherton Meyer,https://ochorus.com/books/our-daily-walk
our daily walk summary,Summary,3,Our Daily Walk,Frederick Brotherton Meyer,https://ochorus.com/books/our-daily-walk
the pilgrim's progress,Title (navigational),1,The Pilgrim's Progress,John Bunyan,https://ochorus.com/books/pilgrims-progress
the pilgrim's progress read online,Read online,1,The Pilgrim's Progress,John Bunyan,https://ochorus.com/books/pilgrims-progress
the pilgrim's progress pdf,PDF,1,The Pilgrim's Progress,John Bunyan,https://ochorus.com/books/pilgrims-progress
john bunyan the pilgrim's progress,Author + title,1,The Pilgrim's Progress,John Bunyan,https://ochorus.com/books/pilgrims-progress
the pilgrim's progress free online,Free online,2,The Pilgrim's Progress,John Bunyan,https://ochorus.com/books/pilgrims-progress
the pilgrim's progress full text,Full text,2,The Pilgrim's Progress,John Bunyan,https://ochorus.com/books/pilgrims-progress
the pilgrim's progress summary,Summary,3,The Pilgrim's Progress,John Bunyan,https://ochorus.com/books/pilgrims-progress
a plain account of christian perfection,Title (navigational),1,A Plain Account of Christian Perfection,John Wesley,https://ochorus.com/books/plain-account-christian-perfection
a plain account of christian perfection read online,Read online,1,A Plain Account of Christian Perfection,John Wesley,https://ochorus.com/books/plain-account-christian-perfection
a plain account of christian perfection pdf,PDF,1,A Plain Account of Christian Perfection,John Wesley,https://ochorus.com/books/plain-account-christian-perfection
john wesley a plain account of christian perfection,Author + title,1,A Plain Account of Christian Perfection,John Wesley,https://ochorus.com/books/plain-account-christian-perfection
a plain account of christian perfection free online,Free online,2,A Plain Account of Christian Perfection,John Wesley,https://ochorus.com/books/plain-account-christian-perfection
a plain account of christian perfection full text,Full text,2,A Plain Account of Christian Perfection,John Wesley,https://ochorus.com/books/plain-account-christian-perfection
a plain account of christian perfection summary,Summary,3,A Plain Account of Christian Perfection,John Wesley,https://ochorus.com/books/plain-account-christian-perfection
the possibilities of prayer,Title (navigational),1,The Possibilities of Prayer,E. M. Bounds,https://ochorus.com/books/possibilities-of-prayer
the possibilities of prayer read online,Read online,1,The Possibilities of Prayer,E. M. Bounds,https://ochorus.com/books/possibilities-of-prayer
the possibilities of prayer pdf,PDF,1,The Possibilities of Prayer,E. M. Bounds,https://ochorus.com/books/possibilities-of-prayer
e. m. bounds the possibilities of prayer,Author + title,1,The Possibilities of Prayer,E. M. Bounds,https://ochorus.com/books/possibilities-of-prayer
the possibilities of prayer free online,Free online,2,The Possibilities of Prayer,E. M. Bounds,https://ochorus.com/books/possibilities-of-prayer
the possibilities of prayer full text,Full text,2,The Possibilities of Prayer,E. M. Bounds,https://ochorus.com/books/possibilities-of-prayer
the possibilities of prayer summary,Summary,3,The Possibilities of Prayer,E. M. Bounds,https://ochorus.com/books/possibilities-of-prayer
power through prayer,Title (navigational),1,Power Through Prayer,E. M. Bounds,https://ochorus.com/books/power-through-prayer
power through prayer read online,Read online,1,Power Through Prayer,E. M. Bounds,https://ochorus.com/books/power-through-prayer
power through prayer pdf,PDF,1,Power Through Prayer,E. M. Bounds,https://ochorus.com/books/power-through-prayer
e. m. bounds power through prayer,Author + title,1,Power Through Prayer,E. M. Bounds,https://ochorus.com/books/power-through-prayer
power through prayer free online,Free online,2,Power Through Prayer,E. M. Bounds,https://ochorus.com/books/power-through-prayer
power through prayer full text,Full text,2,Power Through Prayer,E. M. Bounds,https://ochorus.com/books/power-through-prayer
power through prayer summary,Summary,3,Power Through Prayer,E. M. Bounds,https://ochorus.com/books/power-through-prayer
prayer and praying men,Title (navigational),1,Prayer and Praying Men,E. M. Bounds,https://ochorus.com/books/prayer-and-praying-men
prayer and praying men read online,Read online,1,Prayer and Praying Men,E. M. Bounds,https://ochorus.com/books/prayer-and-praying-men
prayer and praying men pdf,PDF,1,Prayer and Praying Men,E. M. Bounds,https://ochorus.com/books/prayer-and-praying-men
e. m. bounds prayer and praying men,Author + title,1,Prayer and Praying Men,E. M. Bounds,https://ochorus.com/books/prayer-and-praying-men
prayer and praying men free online,Free online,2,Prayer and Praying Men,E. M. Bounds,https://ochorus.com/books/prayer-and-praying-men
prayer and praying men full text,Full text,2,Prayer and Praying Men,E. M. Bounds,https://ochorus.com/books/prayer-and-praying-men
prayer and praying men summary,Summary,3,Prayer and Praying Men,E. M. Bounds,https://ochorus.com/books/prayer-and-praying-men
prayer – the pulse of life,Title (navigational),1,Prayer – The Pulse of Life,Hannah Buyinza,https://ochorus.com/books/prayer-the-pulse-of-life
prayer – the pulse of life read online,Read online,1,Prayer – The Pulse of Life,Hannah Buyinza,https://ochorus.com/books/prayer-the-pulse-of-life
prayer – the pulse of life pdf,PDF,1,Prayer – The Pulse of Life,Hannah Buyinza,https://ochorus.com/books/prayer-the-pulse-of-life
hannah buyinza prayer – the pulse of life,Author + title,1,Prayer – The Pulse of Life,Hannah Buyinza,https://ochorus.com/books/prayer-the-pulse-of-life
prayer – the pulse of life free online,Free online,2,Prayer – The Pulse of Life,Hannah Buyinza,https://ochorus.com/books/prayer-the-pulse-of-life
prayer – the pulse of life full text,Full text,2,Prayer – The Pulse of Life,Hannah Buyinza,https://ochorus.com/books/prayer-the-pulse-of-life
prayer – the pulse of life summary,Summary,3,Prayer – The Pulse of Life,Hannah Buyinza,https://ochorus.com/books/prayer-the-pulse-of-life
prevailing prayer,Title (navigational),1,Prevailing Prayer,Dwight L. Moody,https://ochorus.com/books/prevailing-prayer
prevailing prayer read online,Read online,1,Prevailing Prayer,Dwight L. Moody,https://ochorus.com/books/prevailing-prayer
prevailing prayer pdf,PDF,1,Prevailing Prayer,Dwight L. Moody,https://ochorus.com/books/prevailing-prayer
dwight l. moody prevailing prayer,Author + title,1,Prevailing Prayer,Dwight L. Moody,https://ochorus.com/books/prevailing-prayer
prevailing prayer free online,Free online,2,Prevailing Prayer,Dwight L. Moody,https://ochorus.com/books/prevailing-prayer
prevailing prayer full text,Full text,2,Prevailing Prayer,Dwight L. Moody,https://ochorus.com/books/prevailing-prayer
prevailing prayer summary,Summary,3,Prevailing Prayer,Dwight L. Moody,https://ochorus.com/books/prevailing-prayer
purity of heart,Title (navigational),1,Purity of Heart,William Booth,https://ochorus.com/books/purity-of-heart
purity of heart read online,Read online,1,Purity of Heart,William Booth,https://ochorus.com/books/purity-of-heart
purity of heart pdf,PDF,1,Purity of Heart,William Booth,https://ochorus.com/books/purity-of-heart
william booth purity of heart,Author + title,1,Purity of Heart,William Booth,https://ochorus.com/books/purity-of-heart
purity of heart free online,Free online,2,Purity of Heart,William Booth,https://ochorus.com/books/purity-of-heart
purity of heart full text,Full text,2,Purity of Heart,William Booth,https://ochorus.com/books/purity-of-heart
purity of heart summary,Summary,3,Purity of Heart,William Booth,https://ochorus.com/books/purity-of-heart
purpose in prayer,Title (navigational),1,Purpose in Prayer,E. M. Bounds,https://ochorus.com/books/purpose-in-prayer
purpose in prayer read online,Read online,1,Purpose in Prayer,E. M. Bounds,https://ochorus.com/books/purpose-in-prayer
purpose in prayer pdf,PDF,1,Purpose in Prayer,E. M. Bounds,https://ochorus.com/books/purpose-in-prayer
e. m. bounds purpose in prayer,Author + title,1,Purpose in Prayer,E. M. Bounds,https://ochorus.com/books/purpose-in-prayer
purpose in prayer free online,Free online,2,Purpose in Prayer,E. M. Bounds,https://ochorus.com/books/purpose-in-prayer
purpose in prayer full text,Full text,2,Purpose in Prayer,E. M. Bounds,https://ochorus.com/books/purpose-in-prayer
purpose in prayer summary,Summary,3,Purpose in Prayer,E. M. Bounds,https://ochorus.com/books/purpose-in-prayer
the reality of prayer,Title (navigational),1,The Reality of Prayer,E. M. Bounds,https://ochorus.com/books/reality-of-prayer
the reality of prayer read online,Read online,1,The Reality of Prayer,E. M. Bounds,https://ochorus.com/books/reality-of-prayer
the reality of prayer pdf,PDF,1,The Reality of Prayer,E. M. Bounds,https://ochorus.com/books/reality-of-prayer
e. m. bounds the reality of prayer,Author + title,1,The Reality of Prayer,E. M. Bounds,https://ochorus.com/books/reality-of-prayer
the reality of prayer free online,Free online,2,The Reality of Prayer,E. M. Bounds,https://ochorus.com/books/reality-of-prayer
the reality of prayer full text,Full text,2,The Reality of Prayer,E. M. Bounds,https://ochorus.com/books/reality-of-prayer
the reality of prayer summary,Summary,3,The Reality of Prayer,E. M. Bounds,https://ochorus.com/books/reality-of-prayer
a treatise concerning religious affections,Title (navigational),1,A Treatise Concerning Religious Affections,Jonathan Edwards,https://ochorus.com/books/religious-affections
a treatise concerning religious affections read online,Read online,1,A Treatise Concerning Religious Affections,Jonathan Edwards,https://ochorus.com/books/religious-affections
a treatise concerning religious affections pdf,PDF,1,A Treatise Concerning Religious Affections,Jonathan Edwards,https://ochorus.com/books/religious-affections
jonathan edwards a treatise concerning religious affections,Author + title,1,A Treatise Concerning Religious Affections,Jonathan Edwards,https://ochorus.com/books/religious-affections
a treatise concerning religious affections free online,Free online,2,A Treatise Concerning Religious Affections,Jonathan Edwards,https://ochorus.com/books/religious-affections
a treatise concerning religious affections full text,Full text,2,A Treatise Concerning Religious Affections,Jonathan Edwards,https://ochorus.com/books/religious-affections
a treatise concerning religious affections summary,Summary,3,A Treatise Concerning Religious Affections,Jonathan Edwards,https://ochorus.com/books/religious-affections
religious experience and journal,Title (navigational),1,Religious Experience and Journal,Jarena Lee,https://ochorus.com/books/religious-experience-and-journal
religious experience and journal read online,Read online,1,Religious Experience and Journal,Jarena Lee,https://ochorus.com/books/religious-experience-and-journal
religious experience and journal pdf,PDF,1,Religious Experience and Journal,Jarena Lee,https://ochorus.com/books/religious-experience-and-journal
jarena lee religious experience and journal,Author + title,1,Religious Experience and Journal,Jarena Lee,https://ochorus.com/books/religious-experience-and-journal
religious experience and journal free online,Free online,2,Religious Experience and Journal,Jarena Lee,https://ochorus.com/books/religious-experience-and-journal
religious experience and journal full text,Full text,2,Religious Experience and Journal,Jarena Lee,https://ochorus.com/books/religious-experience-and-journal
religious experience and journal summary,Summary,3,Religious Experience and Journal,Jarena Lee,https://ochorus.com/books/religious-experience-and-journal
lectures on revivals of religion,Title (navigational),1,Lectures on Revivals of Religion,Charles G. Finney,https://ochorus.com/books/revival-lectures
lectures on revivals of religion read online,Read online,1,Lectures on Revivals of Religion,Charles G. Finney,https://ochorus.com/books/revival-lectures
lectures on revivals of religion pdf,PDF,1,Lectures on Revivals of Religion,Charles G. Finney,https://ochorus.com/books/revival-lectures
charles g. finney lectures on revivals of religion,Author + title,1,Lectures on Revivals of Religion,Charles G. Finney,https://ochorus.com/books/revival-lectures
lectures on revivals of religion free online,Free online,2,Lectures on Revivals of Religion,Charles G. Finney,https://ochorus.com/books/revival-lectures
lectures on revivals of religion full text,Full text,2,Lectures on Revivals of Religion,Charles G. Finney,https://ochorus.com/books/revival-lectures
lectures on revivals of religion summary,Summary,3,Lectures on Revivals of Religion,Charles G. Finney,https://ochorus.com/books/revival-lectures
"rise up, men of god",Title (navigational),1,"Rise Up, Men of God",Ochorus Originals,https://ochorus.com/books/rise-up-men-of-god-2
"rise up, men of god read online",Read online,1,"Rise Up, Men of God",Ochorus Originals,https://ochorus.com/books/rise-up-men-of-god-2
"rise up, men of god pdf",PDF,1,"Rise Up, Men of God",Ochorus Originals,https://ochorus.com/books/rise-up-men-of-god-2
"ochorus originals rise up, men of god",Author + title,1,"Rise Up, Men of God",Ochorus Originals,https://ochorus.com/books/rise-up-men-of-god-2
"rise up, men of god free online",Free online,2,"Rise Up, Men of God",Ochorus Originals,https://ochorus.com/books/rise-up-men-of-god-2
"rise up, men of god full text",Full text,2,"Rise Up, Men of God",Ochorus Originals,https://ochorus.com/books/rise-up-men-of-god-2
"rise up, men of god summary",Summary,3,"Rise Up, Men of God",Ochorus Originals,https://ochorus.com/books/rise-up-men-of-god-2
selected sermons of jonathan edwards,Title (navigational),1,Selected Sermons of Jonathan Edwards,Jonathan Edwards,https://ochorus.com/books/selected-sermons-edwards
selected sermons of jonathan edwards read online,Read online,1,Selected Sermons of Jonathan Edwards,Jonathan Edwards,https://ochorus.com/books/selected-sermons-edwards
selected sermons of jonathan edwards pdf,PDF,1,Selected Sermons of Jonathan Edwards,Jonathan Edwards,https://ochorus.com/books/selected-sermons-edwards
jonathan edwards selected sermons of jonathan edwards,Author + title,1,Selected Sermons of Jonathan Edwards,Jonathan Edwards,https://ochorus.com/books/selected-sermons-edwards
selected sermons of jonathan edwards free online,Free online,2,Selected Sermons of Jonathan Edwards,Jonathan Edwards,https://ochorus.com/books/selected-sermons-edwards
selected sermons of jonathan edwards full text,Full text,2,Selected Sermons of Jonathan Edwards,Jonathan Edwards,https://ochorus.com/books/selected-sermons-edwards
selected sermons of jonathan edwards summary,Summary,3,Selected Sermons of Jonathan Edwards,Jonathan Edwards,https://ochorus.com/books/selected-sermons-edwards
selected sermons of george whitefield,Title (navigational),1,Selected Sermons of George Whitefield,George Whitefield,https://ochorus.com/books/selected-sermons-whitefield
selected sermons of george whitefield read online,Read online,1,Selected Sermons of George Whitefield,George Whitefield,https://ochorus.com/books/selected-sermons-whitefield
selected sermons of george whitefield pdf,PDF,1,Selected Sermons of George Whitefield,George Whitefield,https://ochorus.com/books/selected-sermons-whitefield
george whitefield selected sermons of george whitefield,Author + title,1,Selected Sermons of George Whitefield,George Whitefield,https://ochorus.com/books/selected-sermons-whitefield
selected sermons of george whitefield free online,Free online,2,Selected Sermons of George Whitefield,George Whitefield,https://ochorus.com/books/selected-sermons-whitefield
selected sermons of george whitefield full text,Full text,2,Selected Sermons of George Whitefield,George Whitefield,https://ochorus.com/books/selected-sermons-whitefield
selected sermons of george whitefield summary,Summary,3,Selected Sermons of George Whitefield,George Whitefield,https://ochorus.com/books/selected-sermons-whitefield
separation and service,Title (navigational),1,Separation and Service,Hudson Taylor,https://ochorus.com/books/separation-and-service
separation and service read online,Read online,1,Separation and Service,Hudson Taylor,https://ochorus.com/books/separation-and-service
separation and service pdf,PDF,1,Separation and Service,Hudson Taylor,https://ochorus.com/books/separation-and-service
hudson taylor separation and service,Author + title,1,Separation and Service,Hudson Taylor,https://ochorus.com/books/separation-and-service
separation and service free online,Free online,2,Separation and Service,Hudson Taylor,https://ochorus.com/books/separation-and-service
separation and service full text,Full text,2,Separation and Service,Hudson Taylor,https://ochorus.com/books/separation-and-service
separation and service summary,Summary,3,Separation and Service,Hudson Taylor,https://ochorus.com/books/separation-and-service
sermons on several occasions,Title (navigational),1,Sermons on Several Occasions,John Wesley,https://ochorus.com/books/sermons-on-several-occasions
sermons on several occasions read online,Read online,1,Sermons on Several Occasions,John Wesley,https://ochorus.com/books/sermons-on-several-occasions
sermons on several occasions pdf,PDF,1,Sermons on Several Occasions,John Wesley,https://ochorus.com/books/sermons-on-several-occasions
john wesley sermons on several occasions,Author + title,1,Sermons on Several Occasions,John Wesley,https://ochorus.com/books/sermons-on-several-occasions
sermons on several occasions free online,Free online,2,Sermons on Several Occasions,John Wesley,https://ochorus.com/books/sermons-on-several-occasions
sermons on several occasions full text,Full text,2,Sermons on Several Occasions,John Wesley,https://ochorus.com/books/sermons-on-several-occasions
sermons on several occasions summary,Summary,3,Sermons on Several Occasions,John Wesley,https://ochorus.com/books/sermons-on-several-occasions
soar like the eagle,Title (navigational),1,Soar Like The Eagle,Gareth Evans,https://ochorus.com/books/soar-like-the-eagle-3
soar like the eagle read online,Read online,1,Soar Like The Eagle,Gareth Evans,https://ochorus.com/books/soar-like-the-eagle-3
soar like the eagle pdf,PDF,1,Soar Like The Eagle,Gareth Evans,https://ochorus.com/books/soar-like-the-eagle-3
gareth evans soar like the eagle,Author + title,1,Soar Like The Eagle,Gareth Evans,https://ochorus.com/books/soar-like-the-eagle-3
soar like the eagle free online,Free online,2,Soar Like The Eagle,Gareth Evans,https://ochorus.com/books/soar-like-the-eagle-3
soar like the eagle full text,Full text,2,Soar Like The Eagle,Gareth Evans,https://ochorus.com/books/soar-like-the-eagle-3
soar like the eagle summary,Summary,3,Soar Like The Eagle,Gareth Evans,https://ochorus.com/books/soar-like-the-eagle-3
mighty power in prayer,Title (navigational),1,Mighty Power in Prayer,Charles H. Spurgeon,https://ochorus.com/books/spurgeon-on-prayer
mighty power in prayer read online,Read online,1,Mighty Power in Prayer,Charles H. Spurgeon,https://ochorus.com/books/spurgeon-on-prayer
mighty power in prayer pdf,PDF,1,Mighty Power in Prayer,Charles H. Spurgeon,https://ochorus.com/books/spurgeon-on-prayer
charles h. spurgeon mighty power in prayer,Author + title,1,Mighty Power in Prayer,Charles H. Spurgeon,https://ochorus.com/books/spurgeon-on-prayer
mighty power in prayer free online,Free online,2,Mighty Power in Prayer,Charles H. Spurgeon,https://ochorus.com/books/spurgeon-on-prayer
mighty power in prayer full text,Full text,2,Mighty Power in Prayer,Charles H. Spurgeon,https://ochorus.com/books/spurgeon-on-prayer
mighty power in prayer summary,Summary,3,Mighty Power in Prayer,Charles H. Spurgeon,https://ochorus.com/books/spurgeon-on-prayer
stepping stones,Title (navigational),1,Stepping Stones,Gareth Evans,https://ochorus.com/books/stepping-stones-2
stepping stones read online,Read online,1,Stepping Stones,Gareth Evans,https://ochorus.com/books/stepping-stones-2
stepping stones pdf,PDF,1,Stepping Stones,Gareth Evans,https://ochorus.com/books/stepping-stones-2
gareth evans stepping stones,Author + title,1,Stepping Stones,Gareth Evans,https://ochorus.com/books/stepping-stones-2
stepping stones free online,Free online,2,Stepping Stones,Gareth Evans,https://ochorus.com/books/stepping-stones-2
stepping stones full text,Full text,2,Stepping Stones,Gareth Evans,https://ochorus.com/books/stepping-stones-2
stepping stones summary,Summary,3,Stepping Stones,Gareth Evans,https://ochorus.com/books/stepping-stones-2
susanna wesley,Title (navigational),1,Susanna Wesley,Susanna Wesley,https://ochorus.com/books/susanna-wesley-clarke
susanna wesley read online,Read online,1,Susanna Wesley,Susanna Wesley,https://ochorus.com/books/susanna-wesley-clarke
susanna wesley pdf,PDF,1,Susanna Wesley,Susanna Wesley,https://ochorus.com/books/susanna-wesley-clarke
susanna wesley susanna wesley,Author + title,1,Susanna Wesley,Susanna Wesley,https://ochorus.com/books/susanna-wesley-clarke
susanna wesley free online,Free online,2,Susanna Wesley,Susanna Wesley,https://ochorus.com/books/susanna-wesley-clarke
susanna wesley full text,Full text,2,Susanna Wesley,Susanna Wesley,https://ochorus.com/books/susanna-wesley-clarke
susanna wesley summary,Summary,3,Susanna Wesley,Susanna Wesley,https://ochorus.com/books/susanna-wesley-clarke
talks to the farmer,Title (navigational),1,Talks to the Farmer,Charles H. Spurgeon,https://ochorus.com/books/talks-to-the-farmer
talks to the farmer read online,Read online,1,Talks to the Farmer,Charles H. Spurgeon,https://ochorus.com/books/talks-to-the-farmer
talks to the farmer pdf,PDF,1,Talks to the Farmer,Charles H. Spurgeon,https://ochorus.com/books/talks-to-the-farmer
charles h. spurgeon talks to the farmer,Author + title,1,Talks to the Farmer,Charles H. Spurgeon,https://ochorus.com/books/talks-to-the-farmer
talks to the farmer free online,Free online,2,Talks to the Farmer,Charles H. Spurgeon,https://ochorus.com/books/talks-to-the-farmer
talks to the farmer full text,Full text,2,Talks to the Farmer,Charles H. Spurgeon,https://ochorus.com/books/talks-to-the-farmer
talks to the farmer summary,Summary,3,Talks to the Farmer,Charles H. Spurgeon,https://ochorus.com/books/talks-to-the-farmer
the ten commandments,Title (navigational),1,The Ten Commandments,Thomas Watson,https://ochorus.com/books/ten-commandments
the ten commandments read online,Read online,1,The Ten Commandments,Thomas Watson,https://ochorus.com/books/ten-commandments
the ten commandments pdf,PDF,1,The Ten Commandments,Thomas Watson,https://ochorus.com/books/ten-commandments
thomas watson the ten commandments,Author + title,1,The Ten Commandments,Thomas Watson,https://ochorus.com/books/ten-commandments
the ten commandments free online,Free online,2,The Ten Commandments,Thomas Watson,https://ochorus.com/books/ten-commandments
the ten commandments full text,Full text,2,The Ten Commandments,Thomas Watson,https://ochorus.com/books/ten-commandments
the ten commandments summary,Summary,3,The Ten Commandments,Thomas Watson,https://ochorus.com/books/ten-commandments
the body of christ: a reality,Title (navigational),1,The Body of Christ: A Reality,Watchman Nee,https://ochorus.com/books/the-body-of-christ-a-reality
the body of christ: a reality read online,Read online,1,The Body of Christ: A Reality,Watchman Nee,https://ochorus.com/books/the-body-of-christ-a-reality
the body of christ: a reality pdf,PDF,1,The Body of Christ: A Reality,Watchman Nee,https://ochorus.com/books/the-body-of-christ-a-reality
watchman nee the body of christ: a reality,Author + title,1,The Body of Christ: A Reality,Watchman Nee,https://ochorus.com/books/the-body-of-christ-a-reality
the body of christ: a reality free online,Free online,2,The Body of Christ: A Reality,Watchman Nee,https://ochorus.com/books/the-body-of-christ-a-reality
the body of christ: a reality full text,Full text,2,The Body of Christ: A Reality,Watchman Nee,https://ochorus.com/books/the-body-of-christ-a-reality
the body of christ: a reality summary,Summary,3,The Body of Christ: A Reality,Watchman Nee,https://ochorus.com/books/the-body-of-christ-a-reality
the body of christ (for teens),Title (navigational),1,The Body of Christ (For Teens),Watchman Nee,https://ochorus.com/books/the-body-of-christ-teens
the body of christ (for teens) read online,Read online,1,The Body of Christ (For Teens),Watchman Nee,https://ochorus.com/books/the-body-of-christ-teens
the body of christ (for teens) pdf,PDF,1,The Body of Christ (For Teens),Watchman Nee,https://ochorus.com/books/the-body-of-christ-teens
watchman nee the body of christ (for teens),Author + title,1,The Body of Christ (For Teens),Watchman Nee,https://ochorus.com/books/the-body-of-christ-teens
the body of christ (for teens) free online,Free online,2,The Body of Christ (For Teens),Watchman Nee,https://ochorus.com/books/the-body-of-christ-teens
the body of christ (for teens) full text,Full text,2,The Body of Christ (For Teens),Watchman Nee,https://ochorus.com/books/the-body-of-christ-teens
the body of christ (for teens) summary,Summary,3,The Body of Christ (For Teens),Watchman Nee,https://ochorus.com/books/the-body-of-christ-teens
the bruised reed,Title (navigational),1,The Bruised Reed,Richard Sibbes,https://ochorus.com/books/the-bruised-reed
the bruised reed read online,Read online,1,The Bruised Reed,Richard Sibbes,https://ochorus.com/books/the-bruised-reed
the bruised reed pdf,PDF,1,The Bruised Reed,Richard Sibbes,https://ochorus.com/books/the-bruised-reed
richard sibbes the bruised reed,Author + title,1,The Bruised Reed,Richard Sibbes,https://ochorus.com/books/the-bruised-reed
the bruised reed free online,Free online,2,The Bruised Reed,Richard Sibbes,https://ochorus.com/books/the-bruised-reed
the bruised reed full text,Full text,2,The Bruised Reed,Richard Sibbes,https://ochorus.com/books/the-bruised-reed
the bruised reed summary,Summary,3,The Bruised Reed,Richard Sibbes,https://ochorus.com/books/the-bruised-reed
the christian’s secret of a happy life,Title (navigational),1,The Christian’s Secret of a Happy Life,Hannah Whitall Smith,https://ochorus.com/books/the-christians-secret-of-a-happy-life-4
the christian’s secret of a happy life read online,Read online,1,The Christian’s Secret of a Happy Life,Hannah Whitall Smith,https://ochorus.com/books/the-christians-secret-of-a-happy-life-4
the christian’s secret of a happy life pdf,PDF,1,The Christian’s Secret of a Happy Life,Hannah Whitall Smith,https://ochorus.com/books/the-christians-secret-of-a-happy-life-4
hannah whitall smith the christian’s secret of a happy life,Author + title,1,The Christian’s Secret of a Happy Life,Hannah Whitall Smith,https://ochorus.com/books/the-christians-secret-of-a-happy-life-4
the christian’s secret of a happy life free online,Free online,2,The Christian’s Secret of a Happy Life,Hannah Whitall Smith,https://ochorus.com/books/the-christians-secret-of-a-happy-life-4
the christian’s secret of a happy life full text,Full text,2,The Christian’s Secret of a Happy Life,Hannah Whitall Smith,https://ochorus.com/books/the-christians-secret-of-a-happy-life-4
the christian’s secret of a happy life summary,Summary,3,The Christian’s Secret of a Happy Life,Hannah Whitall Smith,https://ochorus.com/books/the-christians-secret-of-a-happy-life-4
the fourfold gospel,Title (navigational),1,The Fourfold Gospel,A. B. Simpson,https://ochorus.com/books/the-fourfold-gospel
the fourfold gospel read online,Read online,1,The Fourfold Gospel,A. B. Simpson,https://ochorus.com/books/the-fourfold-gospel
the fourfold gospel pdf,PDF,1,The Fourfold Gospel,A. B. Simpson,https://ochorus.com/books/the-fourfold-gospel
a. b. simpson the fourfold gospel,Author + title,1,The Fourfold Gospel,A. B. Simpson,https://ochorus.com/books/the-fourfold-gospel
the fourfold gospel free online,Free online,2,The Fourfold Gospel,A. B. Simpson,https://ochorus.com/books/the-fourfold-gospel
the fourfold gospel full text,Full text,2,The Fourfold Gospel,A. B. Simpson,https://ochorus.com/books/the-fourfold-gospel
the fourfold gospel summary,Summary,3,The Fourfold Gospel,A. B. Simpson,https://ochorus.com/books/the-fourfold-gospel
the fundamental doctrines of the christian faith,Title (navigational),1,The Fundamental Doctrines of the Christian Faith,R. A. Torrey,https://ochorus.com/books/the-fundamental-doctrines-of-the-christian-faith
the fundamental doctrines of the christian faith read online,Read online,1,The Fundamental Doctrines of the Christian Faith,R. A. Torrey,https://ochorus.com/books/the-fundamental-doctrines-of-the-christian-faith
the fundamental doctrines of the christian faith pdf,PDF,1,The Fundamental Doctrines of the Christian Faith,R. A. Torrey,https://ochorus.com/books/the-fundamental-doctrines-of-the-christian-faith
r. a. torrey the fundamental doctrines of the christian faith,Author + title,1,The Fundamental Doctrines of the Christian Faith,R. A. Torrey,https://ochorus.com/books/the-fundamental-doctrines-of-the-christian-faith
the fundamental doctrines of the christian faith free online,Free online,2,The Fundamental Doctrines of the Christian Faith,R. A. Torrey,https://ochorus.com/books/the-fundamental-doctrines-of-the-christian-faith
the fundamental doctrines of the christian faith full text,Full text,2,The Fundamental Doctrines of the Christian Faith,R. A. Torrey,https://ochorus.com/books/the-fundamental-doctrines-of-the-christian-faith
the fundamental doctrines of the christian faith summary,Summary,3,The Fundamental Doctrines of the Christian Faith,R. A. Torrey,https://ochorus.com/books/the-fundamental-doctrines-of-the-christian-faith
the god of all comfort,Title (navigational),1,The God of All Comfort,Hannah Whitall Smith,https://ochorus.com/books/the-god-of-all-comfort
the god of all comfort read online,Read online,1,The God of All Comfort,Hannah Whitall Smith,https://ochorus.com/books/the-god-of-all-comfort
the god of all comfort pdf,PDF,1,The God of All Comfort,Hannah Whitall Smith,https://ochorus.com/books/the-god-of-all-comfort
hannah whitall smith the god of all comfort,Author + title,1,The God of All Comfort,Hannah Whitall Smith,https://ochorus.com/books/the-god-of-all-comfort
the god of all comfort free online,Free online,2,The God of All Comfort,Hannah Whitall Smith,https://ochorus.com/books/the-god-of-all-comfort
the god of all comfort full text,Full text,2,The God of All Comfort,Hannah Whitall Smith,https://ochorus.com/books/the-god-of-all-comfort
the god of all comfort summary,Summary,3,The God of All Comfort,Hannah Whitall Smith,https://ochorus.com/books/the-god-of-all-comfort
the gospel of healing,Title (navigational),1,The Gospel of Healing,A. B. Simpson,https://ochorus.com/books/the-gospel-of-healing
the gospel of healing read online,Read online,1,The Gospel of Healing,A. B. Simpson,https://ochorus.com/books/the-gospel-of-healing
the gospel of healing pdf,PDF,1,The Gospel of Healing,A. B. Simpson,https://ochorus.com/books/the-gospel-of-healing
a. b. simpson the gospel of healing,Author + title,1,The Gospel of Healing,A. B. Simpson,https://ochorus.com/books/the-gospel-of-healing
the gospel of healing free online,Free online,2,The Gospel of Healing,A. B. Simpson,https://ochorus.com/books/the-gospel-of-healing
the gospel of healing full text,Full text,2,The Gospel of Healing,A. B. Simpson,https://ochorus.com/books/the-gospel-of-healing
the gospel of healing summary,Summary,3,The Gospel of Healing,A. B. Simpson,https://ochorus.com/books/the-gospel-of-healing
the imitation of christ,Title (navigational),1,The Imitation of Christ,Thomas à Kempis,https://ochorus.com/books/the-imitation-of-christ
the imitation of christ read online,Read online,1,The Imitation of Christ,Thomas à Kempis,https://ochorus.com/books/the-imitation-of-christ
the imitation of christ pdf,PDF,1,The Imitation of Christ,Thomas à Kempis,https://ochorus.com/books/the-imitation-of-christ
thomas à kempis the imitation of christ,Author + title,1,The Imitation of Christ,Thomas à Kempis,https://ochorus.com/books/the-imitation-of-christ
the imitation of christ free online,Free online,2,The Imitation of Christ,Thomas à Kempis,https://ochorus.com/books/the-imitation-of-christ
the imitation of christ full text,Full text,2,The Imitation of Christ,Thomas à Kempis,https://ochorus.com/books/the-imitation-of-christ
the imitation of christ summary,Summary,3,The Imitation of Christ,Thomas à Kempis,https://ochorus.com/books/the-imitation-of-christ
the inner chamber,Title (navigational),1,The Inner Chamber,Andrew Murray,https://ochorus.com/books/the-inner-chamber
the inner chamber read online,Read online,1,The Inner Chamber,Andrew Murray,https://ochorus.com/books/the-inner-chamber
the inner chamber pdf,PDF,1,The Inner Chamber,Andrew Murray,https://ochorus.com/books/the-inner-chamber
andrew murray the inner chamber,Author + title,1,The Inner Chamber,Andrew Murray,https://ochorus.com/books/the-inner-chamber
the inner chamber free online,Free online,2,The Inner Chamber,Andrew Murray,https://ochorus.com/books/the-inner-chamber
the inner chamber full text,Full text,2,The Inner Chamber,Andrew Murray,https://ochorus.com/books/the-inner-chamber
the inner chamber summary,Summary,3,The Inner Chamber,Andrew Murray,https://ochorus.com/books/the-inner-chamber
the key in my hand,Title (navigational),1,The Key in My Hand,Gareth Evans,https://ochorus.com/books/the-key-in-my-hand
the key in my hand read online,Read online,1,The Key in My Hand,Gareth Evans,https://ochorus.com/books/the-key-in-my-hand
the key in my hand pdf,PDF,1,The Key in My Hand,Gareth Evans,https://ochorus.com/books/the-key-in-my-hand
gareth evans the key in my hand,Author + title,1,The Key in My Hand,Gareth Evans,https://ochorus.com/books/the-key-in-my-hand
the key in my hand free online,Free online,2,The Key in My Hand,Gareth Evans,https://ochorus.com/books/the-key-in-my-hand
the key in my hand full text,Full text,2,The Key in My Hand,Gareth Evans,https://ochorus.com/books/the-key-in-my-hand
the key in my hand summary,Summary,3,The Key in My Hand,Gareth Evans,https://ochorus.com/books/the-key-in-my-hand
the life of trust,Title (navigational),1,The Life of Trust,George Müller,https://ochorus.com/books/the-life-of-trust
the life of trust read online,Read online,1,The Life of Trust,George Müller,https://ochorus.com/books/the-life-of-trust
the life of trust pdf,PDF,1,The Life of Trust,George Müller,https://ochorus.com/books/the-life-of-trust
george müller the life of trust,Author + title,1,The Life of Trust,George Müller,https://ochorus.com/books/the-life-of-trust
the life of trust free online,Free online,2,The Life of Trust,George Müller,https://ochorus.com/books/the-life-of-trust
the life of trust full text,Full text,2,The Life of Trust,George Müller,https://ochorus.com/books/the-life-of-trust
the life of trust summary,Summary,3,The Life of Trust,George Müller,https://ochorus.com/books/the-life-of-trust
the master’s indwelling,Title (navigational),1,The Master’s Indwelling,Andrew Murray,https://ochorus.com/books/the-masters-indwelling
the master’s indwelling read online,Read online,1,The Master’s Indwelling,Andrew Murray,https://ochorus.com/books/the-masters-indwelling
the master’s indwelling pdf,PDF,1,The Master’s Indwelling,Andrew Murray,https://ochorus.com/books/the-masters-indwelling
andrew murray the master’s indwelling,Author + title,1,The Master’s Indwelling,Andrew Murray,https://ochorus.com/books/the-masters-indwelling
the master’s indwelling free online,Free online,2,The Master’s Indwelling,Andrew Murray,https://ochorus.com/books/the-masters-indwelling
the master’s indwelling full text,Full text,2,The Master’s Indwelling,Andrew Murray,https://ochorus.com/books/the-masters-indwelling
the master’s indwelling summary,Summary,3,The Master’s Indwelling,Andrew Murray,https://ochorus.com/books/the-masters-indwelling
the normal christian life,Title (navigational),1,The Normal Christian Life,Watchman Nee,https://ochorus.com/books/the-normal-christian-life
the normal christian life read online,Read online,1,The Normal Christian Life,Watchman Nee,https://ochorus.com/books/the-normal-christian-life
the normal christian life pdf,PDF,1,The Normal Christian Life,Watchman Nee,https://ochorus.com/books/the-normal-christian-life
watchman nee the normal christian life,Author + title,1,The Normal Christian Life,Watchman Nee,https://ochorus.com/books/the-normal-christian-life
the normal christian life free online,Free online,2,The Normal Christian Life,Watchman Nee,https://ochorus.com/books/the-normal-christian-life
the normal christian life full text,Full text,2,The Normal Christian Life,Watchman Nee,https://ochorus.com/books/the-normal-christian-life
the normal christian life summary,Summary,3,The Normal Christian Life,Watchman Nee,https://ochorus.com/books/the-normal-christian-life
the person and work of the holy spirit,Title (navigational),1,The Person and Work of the Holy Spirit,R. A. Torrey,https://ochorus.com/books/the-person-and-work-of-the-holy-spirit
the person and work of the holy spirit read online,Read online,1,The Person and Work of the Holy Spirit,R. A. Torrey,https://ochorus.com/books/the-person-and-work-of-the-holy-spirit
the person and work of the holy spirit pdf,PDF,1,The Person and Work of the Holy Spirit,R. A. Torrey,https://ochorus.com/books/the-person-and-work-of-the-holy-spirit
r. a. torrey the person and work of the holy spirit,Author + title,1,The Person and Work of the Holy Spirit,R. A. Torrey,https://ochorus.com/books/the-person-and-work-of-the-holy-spirit
the person and work of the holy spirit free online,Free online,2,The Person and Work of the Holy Spirit,R. A. Torrey,https://ochorus.com/books/the-person-and-work-of-the-holy-spirit
the person and work of the holy spirit full text,Full text,2,The Person and Work of the Holy Spirit,R. A. Torrey,https://ochorus.com/books/the-person-and-work-of-the-holy-spirit
the person and work of the holy spirit summary,Summary,3,The Person and Work of the Holy Spirit,R. A. Torrey,https://ochorus.com/books/the-person-and-work-of-the-holy-spirit
the reformed pastor,Title (navigational),1,The Reformed Pastor,Richard Baxter,https://ochorus.com/books/the-reformed-pastor
the reformed pastor read online,Read online,1,The Reformed Pastor,Richard Baxter,https://ochorus.com/books/the-reformed-pastor
the reformed pastor pdf,PDF,1,The Reformed Pastor,Richard Baxter,https://ochorus.com/books/the-reformed-pastor
richard baxter the reformed pastor,Author + title,1,The Reformed Pastor,Richard Baxter,https://ochorus.com/books/the-reformed-pastor
the reformed pastor free online,Free online,2,The Reformed Pastor,Richard Baxter,https://ochorus.com/books/the-reformed-pastor
the reformed pastor full text,Full text,2,The Reformed Pastor,Richard Baxter,https://ochorus.com/books/the-reformed-pastor
the reformed pastor summary,Summary,3,The Reformed Pastor,Richard Baxter,https://ochorus.com/books/the-reformed-pastor
the secret of guidance,Title (navigational),1,The Secret of Guidance,Frederick Brotherton Meyer,https://ochorus.com/books/the-secret-of-guidance
the secret of guidance read online,Read online,1,The Secret of Guidance,Frederick Brotherton Meyer,https://ochorus.com/books/the-secret-of-guidance
the secret of guidance pdf,PDF,1,The Secret of Guidance,Frederick Brotherton Meyer,https://ochorus.com/books/the-secret-of-guidance
frederick brotherton meyer the secret of guidance,Author + title,1,The Secret of Guidance,Frederick Brotherton Meyer,https://ochorus.com/books/the-secret-of-guidance
the secret of guidance free online,Free online,2,The Secret of Guidance,Frederick Brotherton Meyer,https://ochorus.com/books/the-secret-of-guidance
the secret of guidance full text,Full text,2,The Secret of Guidance,Frederick Brotherton Meyer,https://ochorus.com/books/the-secret-of-guidance
the secret of guidance summary,Summary,3,The Secret of Guidance,Frederick Brotherton Meyer,https://ochorus.com/books/the-secret-of-guidance
the unselfishness of god,Title (navigational),1,The Unselfishness of God,Hannah Whitall Smith,https://ochorus.com/books/the-unselfishness-of-god
the unselfishness of god read online,Read online,1,The Unselfishness of God,Hannah Whitall Smith,https://ochorus.com/books/the-unselfishness-of-god
the unselfishness of god pdf,PDF,1,The Unselfishness of God,Hannah Whitall Smith,https://ochorus.com/books/the-unselfishness-of-god
hannah whitall smith the unselfishness of god,Author + title,1,The Unselfishness of God,Hannah Whitall Smith,https://ochorus.com/books/the-unselfishness-of-god
the unselfishness of god free online,Free online,2,The Unselfishness of God,Hannah Whitall Smith,https://ochorus.com/books/the-unselfishness-of-god
the unselfishness of god full text,Full text,2,The Unselfishness of God,Hannah Whitall Smith,https://ochorus.com/books/the-unselfishness-of-god
the unselfishness of god summary,Summary,3,The Unselfishness of God,Hannah Whitall Smith,https://ochorus.com/books/the-unselfishness-of-god
the way to god,Title (navigational),1,The Way to God,Dwight L. Moody,https://ochorus.com/books/the-way-to-god
the way to god read online,Read online,1,The Way to God,Dwight L. Moody,https://ochorus.com/books/the-way-to-god
the way to god pdf,PDF,1,The Way to God,Dwight L. Moody,https://ochorus.com/books/the-way-to-god
dwight l. moody the way to god,Author + title,1,The Way to God,Dwight L. Moody,https://ochorus.com/books/the-way-to-god
the way to god free online,Free online,2,The Way to God,Dwight L. Moody,https://ochorus.com/books/the-way-to-god
the way to god full text,Full text,2,The Way to God,Dwight L. Moody,https://ochorus.com/books/the-way-to-god
the way to god summary,Summary,3,The Way to God,Dwight L. Moody,https://ochorus.com/books/the-way-to-god
things as they are,Title (navigational),1,Things as They Are,Amy Carmichael,https://ochorus.com/books/things-as-they-are
things as they are read online,Read online,1,Things as They Are,Amy Carmichael,https://ochorus.com/books/things-as-they-are
things as they are pdf,PDF,1,Things as They Are,Amy Carmichael,https://ochorus.com/books/things-as-they-are
amy carmichael things as they are,Author + title,1,Things as They Are,Amy Carmichael,https://ochorus.com/books/things-as-they-are
things as they are free online,Free online,2,Things as They Are,Amy Carmichael,https://ochorus.com/books/things-as-they-are
things as they are full text,Full text,2,Things as They Are,Amy Carmichael,https://ochorus.com/books/things-as-they-are
things as they are summary,Summary,3,Things as They Are,Amy Carmichael,https://ochorus.com/books/things-as-they-are
thoughts for the quiet hour,Title (navigational),1,Thoughts for the Quiet Hour,Dwight L. Moody,https://ochorus.com/books/thoughts-for-the-quiet-hour
thoughts for the quiet hour read online,Read online,1,Thoughts for the Quiet Hour,Dwight L. Moody,https://ochorus.com/books/thoughts-for-the-quiet-hour
thoughts for the quiet hour pdf,PDF,1,Thoughts for the Quiet Hour,Dwight L. Moody,https://ochorus.com/books/thoughts-for-the-quiet-hour
dwight l. moody thoughts for the quiet hour,Author + title,1,Thoughts for the Quiet Hour,Dwight L. Moody,https://ochorus.com/books/thoughts-for-the-quiet-hour
thoughts for the quiet hour free online,Free online,2,Thoughts for the Quiet Hour,Dwight L. Moody,https://ochorus.com/books/thoughts-for-the-quiet-hour
thoughts for the quiet hour full text,Full text,2,Thoughts for the Quiet Hour,Dwight L. Moody,https://ochorus.com/books/thoughts-for-the-quiet-hour
thoughts for the quiet hour summary,Summary,3,Thoughts for the Quiet Hour,Dwight L. Moody,https://ochorus.com/books/thoughts-for-the-quiet-hour
till he come,Title (navigational),1,Till He Come,Charles H. Spurgeon,https://ochorus.com/books/till-he-come
till he come read online,Read online,1,Till He Come,Charles H. Spurgeon,https://ochorus.com/books/till-he-come
till he come pdf,PDF,1,Till He Come,Charles H. Spurgeon,https://ochorus.com/books/till-he-come
charles h. spurgeon till he come,Author + title,1,Till He Come,Charles H. Spurgeon,https://ochorus.com/books/till-he-come
till he come free online,Free online,2,Till He Come,Charles H. Spurgeon,https://ochorus.com/books/till-he-come
till he come full text,Full text,2,Till He Come,Charles H. Spurgeon,https://ochorus.com/books/till-he-come
till he come summary,Summary,3,Till He Come,Charles H. Spurgeon,https://ochorus.com/books/till-he-come
the treatises of cyprian,Title (navigational),1,The Treatises of Cyprian,Cyprian of Carthage,https://ochorus.com/books/treatises-of-cyprian
the treatises of cyprian read online,Read online,1,The Treatises of Cyprian,Cyprian of Carthage,https://ochorus.com/books/treatises-of-cyprian
the treatises of cyprian pdf,PDF,1,The Treatises of Cyprian,Cyprian of Carthage,https://ochorus.com/books/treatises-of-cyprian
cyprian of carthage the treatises of cyprian,Author + title,1,The Treatises of Cyprian,Cyprian of Carthage,https://ochorus.com/books/treatises-of-cyprian
the treatises of cyprian free online,Free online,2,The Treatises of Cyprian,Cyprian of Carthage,https://ochorus.com/books/treatises-of-cyprian
the treatises of cyprian full text,Full text,2,The Treatises of Cyprian,Cyprian of Carthage,https://ochorus.com/books/treatises-of-cyprian
the treatises of cyprian summary,Summary,3,The Treatises of Cyprian,Cyprian of Carthage,https://ochorus.com/books/treatises-of-cyprian
the true vine,Title (navigational),1,The True Vine,Andrew Murray,https://ochorus.com/books/true-vine
the true vine read online,Read online,1,The True Vine,Andrew Murray,https://ochorus.com/books/true-vine
the true vine pdf,PDF,1,The True Vine,Andrew Murray,https://ochorus.com/books/true-vine
andrew murray the true vine,Author + title,1,The True Vine,Andrew Murray,https://ochorus.com/books/true-vine
the true vine free online,Free online,2,The True Vine,Andrew Murray,https://ochorus.com/books/true-vine
the true vine full text,Full text,2,The True Vine,Andrew Murray,https://ochorus.com/books/true-vine
the true vine summary,Summary,3,The True Vine,Andrew Murray,https://ochorus.com/books/true-vine
tukutendereza,Title (navigational),1,Tukutendereza,Ochorus Originals,https://ochorus.com/books/tukutendereza
tukutendereza read online,Read online,1,Tukutendereza,Ochorus Originals,https://ochorus.com/books/tukutendereza
tukutendereza pdf,PDF,1,Tukutendereza,Ochorus Originals,https://ochorus.com/books/tukutendereza
ochorus originals tukutendereza,Author + title,1,Tukutendereza,Ochorus Originals,https://ochorus.com/books/tukutendereza
tukutendereza free online,Free online,2,Tukutendereza,Ochorus Originals,https://ochorus.com/books/tukutendereza
tukutendereza full text,Full text,2,Tukutendereza,Ochorus Originals,https://ochorus.com/books/tukutendereza
tukutendereza summary,Summary,3,Tukutendereza,Ochorus Originals,https://ochorus.com/books/tukutendereza
union and communion,Title (navigational),1,Union and Communion,Hudson Taylor,https://ochorus.com/books/union-and-communion
union and communion read online,Read online,1,Union and Communion,Hudson Taylor,https://ochorus.com/books/union-and-communion
union and communion pdf,PDF,1,Union and Communion,Hudson Taylor,https://ochorus.com/books/union-and-communion
hudson taylor union and communion,Author + title,1,Union and Communion,Hudson Taylor,https://ochorus.com/books/union-and-communion
union and communion free online,Free online,2,Union and Communion,Hudson Taylor,https://ochorus.com/books/union-and-communion
union and communion full text,Full text,2,Union and Communion,Hudson Taylor,https://ochorus.com/books/union-and-communion
union and communion summary,Summary,3,Union and Communion,Hudson Taylor,https://ochorus.com/books/union-and-communion
waiting on god,Title (navigational),1,Waiting on God,Andrew Murray,https://ochorus.com/books/waiting-on-god
waiting on god read online,Read online,1,Waiting on God,Andrew Murray,https://ochorus.com/books/waiting-on-god
waiting on god pdf,PDF,1,Waiting on God,Andrew Murray,https://ochorus.com/books/waiting-on-god
andrew murray waiting on god,Author + title,1,Waiting on God,Andrew Murray,https://ochorus.com/books/waiting-on-god
waiting on god free online,Free online,2,Waiting on God,Andrew Murray,https://ochorus.com/books/waiting-on-god
waiting on god full text,Full text,2,Waiting on God,Andrew Murray,https://ochorus.com/books/waiting-on-god
waiting on god summary,Summary,3,Waiting on God,Andrew Murray,https://ochorus.com/books/waiting-on-god
watchman nee,Title (navigational),1,Watchman Nee,Watchman Nee,https://ochorus.com/books/watchman-nee-a-life
watchman nee read online,Read online,1,Watchman Nee,Watchman Nee,https://ochorus.com/books/watchman-nee-a-life
watchman nee pdf,PDF,1,Watchman Nee,Watchman Nee,https://ochorus.com/books/watchman-nee-a-life
watchman nee watchman nee,Author + title,1,Watchman Nee,Watchman Nee,https://ochorus.com/books/watchman-nee-a-life
watchman nee free online,Free online,2,Watchman Nee,Watchman Nee,https://ochorus.com/books/watchman-nee-a-life
watchman nee full text,Full text,2,Watchman Nee,Watchman Nee,https://ochorus.com/books/watchman-nee-a-life
watchman nee summary,Summary,3,Watchman Nee,Watchman Nee,https://ochorus.com/books/watchman-nee-a-life
the way into the holiest,Title (navigational),1,The Way Into the Holiest,Frederick Brotherton Meyer,https://ochorus.com/books/way-into-holiest
the way into the holiest read online,Read online,1,The Way Into the Holiest,Frederick Brotherton Meyer,https://ochorus.com/books/way-into-holiest
the way into the holiest pdf,PDF,1,The Way Into the Holiest,Frederick Brotherton Meyer,https://ochorus.com/books/way-into-holiest
frederick brotherton meyer the way into the holiest,Author + title,1,The Way Into the Holiest,Frederick Brotherton Meyer,https://ochorus.com/books/way-into-holiest
the way into the holiest free online,Free online,2,The Way Into the Holiest,Frederick Brotherton Meyer,https://ochorus.com/books/way-into-holiest
the way into the holiest full text,Full text,2,The Way Into the Holiest,Frederick Brotherton Meyer,https://ochorus.com/books/way-into-holiest
the way into the holiest summary,Summary,3,The Way Into the Holiest,Frederick Brotherton Meyer,https://ochorus.com/books/way-into-holiest
women who moved heaven,Title (navigational),1,Women Who Moved Heaven,Ochorus Originals,https://ochorus.com/books/women-who-moved-heaven-2
women who moved heaven read online,Read online,1,Women Who Moved Heaven,Ochorus Originals,https://ochorus.com/books/women-who-moved-heaven-2
women who moved heaven pdf,PDF,1,Women Who Moved Heaven,Ochorus Originals,https://ochorus.com/books/women-who-moved-heaven-2
ochorus originals women who moved heaven,Author + title,1,Women Who Moved Heaven,Ochorus Originals,https://ochorus.com/books/women-who-moved-heaven-2
women who moved heaven free online,Free online,2,Women Who Moved Heaven,Ochorus Originals,https://ochorus.com/books/women-who-moved-heaven-2
women who moved heaven full text,Full text,2,Women Who Moved Heaven,Ochorus Originals,https://ochorus.com/books/women-who-moved-heaven-2
women who moved heaven summary,Summary,3,Women Who Moved Heaven,Ochorus Originals,https://ochorus.com/books/women-who-moved-heaven-2
