Phrase,Language,Intent,Tier,Book (localized),Author,Target URL
método corto y fácil de oración,es,Title (navigational),1,Método corto y fácil de oración,Jeanne Guyon,https://ochorus.com/es/books/a-short-and-easy-method-of-prayer
método corto y fácil de oración leer online,es,Read online,1,Método corto y fácil de oración,Jeanne Guyon,https://ochorus.com/es/books/a-short-and-easy-method-of-prayer
método corto y fácil de oración pdf,es,PDF,1,Método corto y fácil de oración,Jeanne Guyon,https://ochorus.com/es/books/a-short-and-easy-method-of-prayer
jeanne guyon método corto y fácil de oración,es,Author + title,1,Método corto y fácil de oración,Jeanne Guyon,https://ochorus.com/es/books/a-short-and-easy-method-of-prayer
método corto y fácil de oración gratis,es,Free online,2,Método corto y fácil de oración,Jeanne Guyon,https://ochorus.com/es/books/a-short-and-easy-method-of-prayer
método corto y fácil de oración texto completo,es,Full text,2,Método corto y fácil de oración,Jeanne Guyon,https://ochorus.com/es/books/a-short-and-easy-method-of-prayer
método corto y fácil de oración resumen,es,Summary,3,Método corto y fácil de oración,Jeanne Guyon,https://ochorus.com/es/books/a-short-and-easy-method-of-prayer
todo por gracia,es,Title (navigational),1,Todo por Gracia,Charles H. Spurgeon,https://ochorus.com/es/books/all-of-grace
todo por gracia leer online,es,Read online,1,Todo por Gracia,Charles H. Spurgeon,https://ochorus.com/es/books/all-of-grace
todo por gracia pdf,es,PDF,1,Todo por Gracia,Charles H. Spurgeon,https://ochorus.com/es/books/all-of-grace
charles h. spurgeon todo por gracia,es,Author + title,1,Todo por Gracia,Charles H. Spurgeon,https://ochorus.com/es/books/all-of-grace
todo por gracia gratis,es,Free online,2,Todo por Gracia,Charles H. Spurgeon,https://ochorus.com/es/books/all-of-grace
todo por gracia texto completo,es,Full text,2,Todo por Gracia,Charles H. Spurgeon,https://ochorus.com/es/books/all-of-grace
todo por gracia resumen,es,Summary,3,Todo por Gracia,Charles H. Spurgeon,https://ochorus.com/es/books/all-of-grace
todas las cosas para bien,es,Title (navigational),1,Todas las cosas para bien,Thomas Watson,https://ochorus.com/es/books/all-things-for-good
todas las cosas para bien leer online,es,Read online,1,Todas las cosas para bien,Thomas Watson,https://ochorus.com/es/books/all-things-for-good
todas las cosas para bien pdf,es,PDF,1,Todas las cosas para bien,Thomas Watson,https://ochorus.com/es/books/all-things-for-good
thomas watson todas las cosas para bien,es,Author + title,1,Todas las cosas para bien,Thomas Watson,https://ochorus.com/es/books/all-things-for-good
todas las cosas para bien gratis,es,Free online,2,Todas las cosas para bien,Thomas Watson,https://ochorus.com/es/books/all-things-for-good
todas las cosas para bien texto completo,es,Full text,2,Todas las cosas para bien,Thomas Watson,https://ochorus.com/es/books/all-things-for-good
todas las cosas para bien resumen,es,Summary,3,Todas las cosas para bien,Thomas Watson,https://ochorus.com/es/books/all-things-for-good
junto a la puerta estrecha,es,Title (navigational),1,Junto a la puerta estrecha,Charles H. Spurgeon,https://ochorus.com/es/books/around-the-wicket-gate
junto a la puerta estrecha leer online,es,Read online,1,Junto a la puerta estrecha,Charles H. Spurgeon,https://ochorus.com/es/books/around-the-wicket-gate
junto a la puerta estrecha pdf,es,PDF,1,Junto a la puerta estrecha,Charles H. Spurgeon,https://ochorus.com/es/books/around-the-wicket-gate
charles h. spurgeon junto a la puerta estrecha,es,Author + title,1,Junto a la puerta estrecha,Charles H. Spurgeon,https://ochorus.com/es/books/around-the-wicket-gate
junto a la puerta estrecha gratis,es,Free online,2,Junto a la puerta estrecha,Charles H. Spurgeon,https://ochorus.com/es/books/around-the-wicket-gate
junto a la puerta estrecha texto completo,es,Full text,2,Junto a la puerta estrecha,Charles H. Spurgeon,https://ochorus.com/es/books/around-the-wicket-gate
junto a la puerta estrecha resumen,es,Summary,3,Junto a la puerta estrecha,Charles H. Spurgeon,https://ochorus.com/es/books/around-the-wicket-gate
el bautismo con el espíritu santo,es,Title (navigational),1,El bautismo con el Espíritu Santo,R. A. Torrey,https://ochorus.com/es/books/baptism-with-the-holy-spirit
el bautismo con el espíritu santo leer online,es,Read online,1,El bautismo con el Espíritu Santo,R. A. Torrey,https://ochorus.com/es/books/baptism-with-the-holy-spirit
el bautismo con el espíritu santo pdf,es,PDF,1,El bautismo con el Espíritu Santo,R. A. Torrey,https://ochorus.com/es/books/baptism-with-the-holy-spirit
r. a. torrey el bautismo con el espíritu santo,es,Author + title,1,El bautismo con el Espíritu Santo,R. A. Torrey,https://ochorus.com/es/books/baptism-with-the-holy-spirit
el bautismo con el espíritu santo gratis,es,Free online,2,El bautismo con el Espíritu Santo,R. A. Torrey,https://ochorus.com/es/books/baptism-with-the-holy-spirit
el bautismo con el espíritu santo texto completo,es,Full text,2,El bautismo con el Espíritu Santo,R. A. Torrey,https://ochorus.com/es/books/baptism-with-the-holy-spirit
el bautismo con el espíritu santo resumen,es,Summary,3,El bautismo con el Espíritu Santo,R. A. Torrey,https://ochorus.com/es/books/baptism-with-the-holy-spirit
revestida de fuerza y dignidad,es,Title (navigational),1,Revestida de fuerza y dignidad,Ochorus Originals,https://ochorus.com/es/books/clothed-with-strength-and-dignity
revestida de fuerza y dignidad leer online,es,Read online,1,Revestida de fuerza y dignidad,Ochorus Originals,https://ochorus.com/es/books/clothed-with-strength-and-dignity
revestida de fuerza y dignidad pdf,es,PDF,1,Revestida de fuerza y dignidad,Ochorus Originals,https://ochorus.com/es/books/clothed-with-strength-and-dignity
ochorus originals revestida de fuerza y dignidad,es,Author + title,1,Revestida de fuerza y dignidad,Ochorus Originals,https://ochorus.com/es/books/clothed-with-strength-and-dignity
revestida de fuerza y dignidad gratis,es,Free online,2,Revestida de fuerza y dignidad,Ochorus Originals,https://ochorus.com/es/books/clothed-with-strength-and-dignity
revestida de fuerza y dignidad texto completo,es,Full text,2,Revestida de fuerza y dignidad,Ochorus Originals,https://ochorus.com/es/books/clothed-with-strength-and-dignity
revestida de fuerza y dignidad resumen,es,Summary,3,Revestida de fuerza y dignidad,Ochorus Originals,https://ochorus.com/es/books/clothed-with-strength-and-dignity
lo esencial de la oración,es,Title (navigational),1,Lo esencial de la oración,E. M. Bounds,https://ochorus.com/es/books/essentials-of-prayer
lo esencial de la oración leer online,es,Read online,1,Lo esencial de la oración,E. M. Bounds,https://ochorus.com/es/books/essentials-of-prayer
lo esencial de la oración pdf,es,PDF,1,Lo esencial de la oración,E. M. Bounds,https://ochorus.com/es/books/essentials-of-prayer
e. m. bounds lo esencial de la oración,es,Author + title,1,Lo esencial de la oración,E. M. Bounds,https://ochorus.com/es/books/essentials-of-prayer
lo esencial de la oración gratis,es,Free online,2,Lo esencial de la oración,E. M. Bounds,https://ochorus.com/es/books/essentials-of-prayer
lo esencial de la oración texto completo,es,Full text,2,Lo esencial de la oración,E. M. Bounds,https://ochorus.com/es/books/essentials-of-prayer
lo esencial de la oración resumen,es,Summary,3,Lo esencial de la oración,E. M. Bounds,https://ochorus.com/es/books/essentials-of-prayer
la piedad,es,Title (navigational),1,La piedad,Catherine Booth,https://ochorus.com/es/books/godliness
la piedad leer online,es,Read online,1,La piedad,Catherine Booth,https://ochorus.com/es/books/godliness
la piedad pdf,es,PDF,1,La piedad,Catherine Booth,https://ochorus.com/es/books/godliness
catherine booth la piedad,es,Author + title,1,La piedad,Catherine Booth,https://ochorus.com/es/books/godliness
la piedad gratis,es,Free online,2,La piedad,Catherine Booth,https://ochorus.com/es/books/godliness
la piedad texto completo,es,Full text,2,La piedad,Catherine Booth,https://ochorus.com/es/books/godliness
la piedad resumen,es,Summary,3,La piedad,Catherine Booth,https://ochorus.com/es/books/godliness
él sostiene mis mañanas,es,Title (navigational),1,Él sostiene mis mañanas,Gareth Evans,https://ochorus.com/es/books/he-holds-my-tomorrows
él sostiene mis mañanas leer online,es,Read online,1,Él sostiene mis mañanas,Gareth Evans,https://ochorus.com/es/books/he-holds-my-tomorrows
él sostiene mis mañanas pdf,es,PDF,1,Él sostiene mis mañanas,Gareth Evans,https://ochorus.com/es/books/he-holds-my-tomorrows
gareth evans él sostiene mis mañanas,es,Author + title,1,Él sostiene mis mañanas,Gareth Evans,https://ochorus.com/es/books/he-holds-my-tomorrows
él sostiene mis mañanas gratis,es,Free online,2,Él sostiene mis mañanas,Gareth Evans,https://ochorus.com/es/books/he-holds-my-tomorrows
él sostiene mis mañanas texto completo,es,Full text,2,Él sostiene mis mañanas,Gareth Evans,https://ochorus.com/es/books/he-holds-my-tomorrows
él sostiene mis mañanas resumen,es,Summary,3,Él sostiene mis mañanas,Gareth Evans,https://ochorus.com/es/books/he-holds-my-tomorrows
cómo triunfar en la vida cristiana,es,Title (navigational),1,Cómo triunfar en la vida cristiana,R. A. Torrey,https://ochorus.com/es/books/how-to-succeed-in-the-christian-life
cómo triunfar en la vida cristiana leer online,es,Read online,1,Cómo triunfar en la vida cristiana,R. A. Torrey,https://ochorus.com/es/books/how-to-succeed-in-the-christian-life
cómo triunfar en la vida cristiana pdf,es,PDF,1,Cómo triunfar en la vida cristiana,R. A. Torrey,https://ochorus.com/es/books/how-to-succeed-in-the-christian-life
r. a. torrey cómo triunfar en la vida cristiana,es,Author + title,1,Cómo triunfar en la vida cristiana,R. A. Torrey,https://ochorus.com/es/books/how-to-succeed-in-the-christian-life
cómo triunfar en la vida cristiana gratis,es,Free online,2,Cómo triunfar en la vida cristiana,R. A. Torrey,https://ochorus.com/es/books/how-to-succeed-in-the-christian-life
cómo triunfar en la vida cristiana texto completo,es,Full text,2,Cómo triunfar en la vida cristiana,R. A. Torrey,https://ochorus.com/es/books/how-to-succeed-in-the-christian-life
cómo triunfar en la vida cristiana resumen,es,Summary,3,Cómo triunfar en la vida cristiana,R. A. Torrey,https://ochorus.com/es/books/how-to-succeed-in-the-christian-life
humildad,es,Title (navigational),1,Humildad,Andrew Murray,https://ochorus.com/es/books/humility-2
humildad leer online,es,Read online,1,Humildad,Andrew Murray,https://ochorus.com/es/books/humility-2
humildad pdf,es,PDF,1,Humildad,Andrew Murray,https://ochorus.com/es/books/humility-2
andrew murray humildad,es,Author + title,1,Humildad,Andrew Murray,https://ochorus.com/es/books/humility-2
humildad gratis,es,Free online,2,Humildad,Andrew Murray,https://ochorus.com/es/books/humility-2
humildad texto completo,es,Full text,2,Humildad,Andrew Murray,https://ochorus.com/es/books/humility-2
humildad resumen,es,Summary,3,Humildad,Andrew Murray,https://ochorus.com/es/books/humility-2
jesús mismo,es,Title (navigational),1,Jesús Mismo,Andrew Murray,https://ochorus.com/es/books/jesus-himself-2
jesús mismo leer online,es,Read online,1,Jesús Mismo,Andrew Murray,https://ochorus.com/es/books/jesus-himself-2
jesús mismo pdf,es,PDF,1,Jesús Mismo,Andrew Murray,https://ochorus.com/es/books/jesus-himself-2
andrew murray jesús mismo,es,Author + title,1,Jesús Mismo,Andrew Murray,https://ochorus.com/es/books/jesus-himself-2
jesús mismo gratis,es,Free online,2,Jesús Mismo,Andrew Murray,https://ochorus.com/es/books/jesus-himself-2
jesús mismo texto completo,es,Full text,2,Jesús Mismo,Andrew Murray,https://ochorus.com/es/books/jesus-himself-2
jesús mismo resumen,es,Summary,3,Jesús Mismo,Andrew Murray,https://ochorus.com/es/books/jesus-himself-2
"la vida, experiencia y labores del evangelio",es,Title (navigational),1,"La vida, experiencia y labores del evangelio",Richard Allen,https://ochorus.com/es/books/life-experience-gospel-labours
"la vida, experiencia y labores del evangelio leer online",es,Read online,1,"La vida, experiencia y labores del evangelio",Richard Allen,https://ochorus.com/es/books/life-experience-gospel-labours
"la vida, experiencia y labores del evangelio pdf",es,PDF,1,"La vida, experiencia y labores del evangelio",Richard Allen,https://ochorus.com/es/books/life-experience-gospel-labours
"richard allen la vida, experiencia y labores del evangelio",es,Author + title,1,"La vida, experiencia y labores del evangelio",Richard Allen,https://ochorus.com/es/books/life-experience-gospel-labours
"la vida, experiencia y labores del evangelio gratis",es,Free online,2,"La vida, experiencia y labores del evangelio",Richard Allen,https://ochorus.com/es/books/life-experience-gospel-labours
"la vida, experiencia y labores del evangelio texto completo",es,Full text,2,"La vida, experiencia y labores del evangelio",Richard Allen,https://ochorus.com/es/books/life-experience-gospel-labours
"la vida, experiencia y labores del evangelio resumen",es,Summary,3,"La vida, experiencia y labores del evangelio",Richard Allen,https://ochorus.com/es/books/life-experience-gospel-labours
la necesidad de la oración,es,Title (navigational),1,La necesidad de la oración,E. M. Bounds,https://ochorus.com/es/books/necessity-of-prayer
la necesidad de la oración leer online,es,Read online,1,La necesidad de la oración,E. M. Bounds,https://ochorus.com/es/books/necessity-of-prayer
la necesidad de la oración pdf,es,PDF,1,La necesidad de la oración,E. M. Bounds,https://ochorus.com/es/books/necessity-of-prayer
e. m. bounds la necesidad de la oración,es,Author + title,1,La necesidad de la oración,E. M. Bounds,https://ochorus.com/es/books/necessity-of-prayer
la necesidad de la oración gratis,es,Free online,2,La necesidad de la oración,E. M. Bounds,https://ochorus.com/es/books/necessity-of-prayer
la necesidad de la oración texto completo,es,Full text,2,La necesidad de la oración,E. M. Bounds,https://ochorus.com/es/books/necessity-of-prayer
la necesidad de la oración resumen,es,Summary,3,La necesidad de la oración,E. M. Bounds,https://ochorus.com/es/books/necessity-of-prayer
del amor de dios,es,Title (navigational),1,Del amor de Dios,Bernard of Clairvaux,https://ochorus.com/es/books/on-loving-god
del amor de dios leer online,es,Read online,1,Del amor de Dios,Bernard of Clairvaux,https://ochorus.com/es/books/on-loving-god
del amor de dios pdf,es,PDF,1,Del amor de Dios,Bernard of Clairvaux,https://ochorus.com/es/books/on-loving-god
bernard of clairvaux del amor de dios,es,Author + title,1,Del amor de Dios,Bernard of Clairvaux,https://ochorus.com/es/books/on-loving-god
del amor de dios gratis,es,Free online,2,Del amor de Dios,Bernard of Clairvaux,https://ochorus.com/es/books/on-loving-god
del amor de dios texto completo,es,Full text,2,Del amor de Dios,Bernard of Clairvaux,https://ochorus.com/es/books/on-loving-god
del amor de dios resumen,es,Summary,3,Del amor de Dios,Bernard of Clairvaux,https://ochorus.com/es/books/on-loving-god
las posibilidades de la oración,es,Title (navigational),1,Las posibilidades de la oración,E. M. Bounds,https://ochorus.com/es/books/possibilities-of-prayer
las posibilidades de la oración leer online,es,Read online,1,Las posibilidades de la oración,E. M. Bounds,https://ochorus.com/es/books/possibilities-of-prayer
las posibilidades de la oración pdf,es,PDF,1,Las posibilidades de la oración,E. M. Bounds,https://ochorus.com/es/books/possibilities-of-prayer
e. m. bounds las posibilidades de la oración,es,Author + title,1,Las posibilidades de la oración,E. M. Bounds,https://ochorus.com/es/books/possibilities-of-prayer
las posibilidades de la oración gratis,es,Free online,2,Las posibilidades de la oración,E. M. Bounds,https://ochorus.com/es/books/possibilities-of-prayer
las posibilidades de la oración texto completo,es,Full text,2,Las posibilidades de la oración,E. M. Bounds,https://ochorus.com/es/books/possibilities-of-prayer
las posibilidades de la oración resumen,es,Summary,3,Las posibilidades de la oración,E. M. Bounds,https://ochorus.com/es/books/possibilities-of-prayer
poder a través de la oración,es,Title (navigational),1,Poder a través de la oración,E. M. Bounds,https://ochorus.com/es/books/power-through-prayer
poder a través de la oración leer online,es,Read online,1,Poder a través de la oración,E. M. Bounds,https://ochorus.com/es/books/power-through-prayer
poder a través de la oración pdf,es,PDF,1,Poder a través de la oración,E. M. Bounds,https://ochorus.com/es/books/power-through-prayer
e. m. bounds poder a través de la oración,es,Author + title,1,Poder a través de la oración,E. M. Bounds,https://ochorus.com/es/books/power-through-prayer
poder a través de la oración gratis,es,Free online,2,Poder a través de la oración,E. M. Bounds,https://ochorus.com/es/books/power-through-prayer
poder a través de la oración texto completo,es,Full text,2,Poder a través de la oración,E. M. Bounds,https://ochorus.com/es/books/power-through-prayer
poder a través de la oración resumen,es,Summary,3,Poder a través de la oración,E. M. Bounds,https://ochorus.com/es/books/power-through-prayer
la oración y los hombres que oran,es,Title (navigational),1,La oración y los hombres que oran,E. M. Bounds,https://ochorus.com/es/books/prayer-and-praying-men
la oración y los hombres que oran leer online,es,Read online,1,La oración y los hombres que oran,E. M. Bounds,https://ochorus.com/es/books/prayer-and-praying-men
la oración y los hombres que oran pdf,es,PDF,1,La oración y los hombres que oran,E. M. Bounds,https://ochorus.com/es/books/prayer-and-praying-men
e. m. bounds la oración y los hombres que oran,es,Author + title,1,La oración y los hombres que oran,E. M. Bounds,https://ochorus.com/es/books/prayer-and-praying-men
la oración y los hombres que oran gratis,es,Free online,2,La oración y los hombres que oran,E. M. Bounds,https://ochorus.com/es/books/prayer-and-praying-men
la oración y los hombres que oran texto completo,es,Full text,2,La oración y los hombres que oran,E. M. Bounds,https://ochorus.com/es/books/prayer-and-praying-men
la oración y los hombres que oran resumen,es,Summary,3,La oración y los hombres que oran,E. M. Bounds,https://ochorus.com/es/books/prayer-and-praying-men
oración – el pulso de la vida,es,Title (navigational),1,Oración – El Pulso de la Vida,Hannah Buyinza,https://ochorus.com/es/books/prayer-the-pulse-of-life
oración – el pulso de la vida leer online,es,Read online,1,Oración – El Pulso de la Vida,Hannah Buyinza,https://ochorus.com/es/books/prayer-the-pulse-of-life
oración – el pulso de la vida pdf,es,PDF,1,Oración – El Pulso de la Vida,Hannah Buyinza,https://ochorus.com/es/books/prayer-the-pulse-of-life
hannah buyinza oración – el pulso de la vida,es,Author + title,1,Oración – El Pulso de la Vida,Hannah Buyinza,https://ochorus.com/es/books/prayer-the-pulse-of-life
oración – el pulso de la vida gratis,es,Free online,2,Oración – El Pulso de la Vida,Hannah Buyinza,https://ochorus.com/es/books/prayer-the-pulse-of-life
oración – el pulso de la vida texto completo,es,Full text,2,Oración – El Pulso de la Vida,Hannah Buyinza,https://ochorus.com/es/books/prayer-the-pulse-of-life
oración – el pulso de la vida resumen,es,Summary,3,Oración – El Pulso de la Vida,Hannah Buyinza,https://ochorus.com/es/books/prayer-the-pulse-of-life
la oración que prevalece,es,Title (navigational),1,La oración que prevalece,Dwight L. Moody,https://ochorus.com/es/books/prevailing-prayer
la oración que prevalece leer online,es,Read online,1,La oración que prevalece,Dwight L. Moody,https://ochorus.com/es/books/prevailing-prayer
la oración que prevalece pdf,es,PDF,1,La oración que prevalece,Dwight L. Moody,https://ochorus.com/es/books/prevailing-prayer
dwight l. moody la oración que prevalece,es,Author + title,1,La oración que prevalece,Dwight L. Moody,https://ochorus.com/es/books/prevailing-prayer
la oración que prevalece gratis,es,Free online,2,La oración que prevalece,Dwight L. Moody,https://ochorus.com/es/books/prevailing-prayer
la oración que prevalece texto completo,es,Full text,2,La oración que prevalece,Dwight L. Moody,https://ochorus.com/es/books/prevailing-prayer
la oración que prevalece resumen,es,Summary,3,La oración que prevalece,Dwight L. Moody,https://ochorus.com/es/books/prevailing-prayer
pureza de corazón,es,Title (navigational),1,Pureza de Corazón,William Booth,https://ochorus.com/es/books/purity-of-heart
pureza de corazón leer online,es,Read online,1,Pureza de Corazón,William Booth,https://ochorus.com/es/books/purity-of-heart
pureza de corazón pdf,es,PDF,1,Pureza de Corazón,William Booth,https://ochorus.com/es/books/purity-of-heart
william booth pureza de corazón,es,Author + title,1,Pureza de Corazón,William Booth,https://ochorus.com/es/books/purity-of-heart
pureza de corazón gratis,es,Free online,2,Pureza de Corazón,William Booth,https://ochorus.com/es/books/purity-of-heart
pureza de corazón texto completo,es,Full text,2,Pureza de Corazón,William Booth,https://ochorus.com/es/books/purity-of-heart
pureza de corazón resumen,es,Summary,3,Pureza de Corazón,William Booth,https://ochorus.com/es/books/purity-of-heart
propósito en la oración,es,Title (navigational),1,Propósito en la oración,E. M. Bounds,https://ochorus.com/es/books/purpose-in-prayer
propósito en la oración leer online,es,Read online,1,Propósito en la oración,E. M. Bounds,https://ochorus.com/es/books/purpose-in-prayer
propósito en la oración pdf,es,PDF,1,Propósito en la oración,E. M. Bounds,https://ochorus.com/es/books/purpose-in-prayer
e. m. bounds propósito en la oración,es,Author + title,1,Propósito en la oración,E. M. Bounds,https://ochorus.com/es/books/purpose-in-prayer
propósito en la oración gratis,es,Free online,2,Propósito en la oración,E. M. Bounds,https://ochorus.com/es/books/purpose-in-prayer
propósito en la oración texto completo,es,Full text,2,Propósito en la oración,E. M. Bounds,https://ochorus.com/es/books/purpose-in-prayer
propósito en la oración resumen,es,Summary,3,Propósito en la oración,E. M. Bounds,https://ochorus.com/es/books/purpose-in-prayer
la realidad de la oración,es,Title (navigational),1,La realidad de la oración,E. M. Bounds,https://ochorus.com/es/books/reality-of-prayer
la realidad de la oración leer online,es,Read online,1,La realidad de la oración,E. M. Bounds,https://ochorus.com/es/books/reality-of-prayer
la realidad de la oración pdf,es,PDF,1,La realidad de la oración,E. M. Bounds,https://ochorus.com/es/books/reality-of-prayer
e. m. bounds la realidad de la oración,es,Author + title,1,La realidad de la oración,E. M. Bounds,https://ochorus.com/es/books/reality-of-prayer
la realidad de la oración gratis,es,Free online,2,La realidad de la oración,E. M. Bounds,https://ochorus.com/es/books/reality-of-prayer
la realidad de la oración texto completo,es,Full text,2,La realidad de la oración,E. M. Bounds,https://ochorus.com/es/books/reality-of-prayer
la realidad de la oración resumen,es,Summary,3,La realidad de la oración,E. M. Bounds,https://ochorus.com/es/books/reality-of-prayer
separación y servicio,es,Title (navigational),1,Separación y servicio,Hudson Taylor,https://ochorus.com/es/books/separation-and-service
separación y servicio leer online,es,Read online,1,Separación y servicio,Hudson Taylor,https://ochorus.com/es/books/separation-and-service
separación y servicio pdf,es,PDF,1,Separación y servicio,Hudson Taylor,https://ochorus.com/es/books/separation-and-service
hudson taylor separación y servicio,es,Author + title,1,Separación y servicio,Hudson Taylor,https://ochorus.com/es/books/separation-and-service
separación y servicio gratis,es,Free online,2,Separación y servicio,Hudson Taylor,https://ochorus.com/es/books/separation-and-service
separación y servicio texto completo,es,Full text,2,Separación y servicio,Hudson Taylor,https://ochorus.com/es/books/separation-and-service
separación y servicio resumen,es,Summary,3,Separación y servicio,Hudson Taylor,https://ochorus.com/es/books/separation-and-service
el evangelio cuádruple,es,Title (navigational),1,El evangelio cuádruple,A. B. Simpson,https://ochorus.com/es/books/the-fourfold-gospel
el evangelio cuádruple leer online,es,Read online,1,El evangelio cuádruple,A. B. Simpson,https://ochorus.com/es/books/the-fourfold-gospel
el evangelio cuádruple pdf,es,PDF,1,El evangelio cuádruple,A. B. Simpson,https://ochorus.com/es/books/the-fourfold-gospel
a. b. simpson el evangelio cuádruple,es,Author + title,1,El evangelio cuádruple,A. B. Simpson,https://ochorus.com/es/books/the-fourfold-gospel
el evangelio cuádruple gratis,es,Free online,2,El evangelio cuádruple,A. B. Simpson,https://ochorus.com/es/books/the-fourfold-gospel
el evangelio cuádruple texto completo,es,Full text,2,El evangelio cuádruple,A. B. Simpson,https://ochorus.com/es/books/the-fourfold-gospel
el evangelio cuádruple resumen,es,Summary,3,El evangelio cuádruple,A. B. Simpson,https://ochorus.com/es/books/the-fourfold-gospel
el aposento interior,es,Title (navigational),1,El aposento interior,Andrew Murray,https://ochorus.com/es/books/the-inner-chamber
el aposento interior leer online,es,Read online,1,El aposento interior,Andrew Murray,https://ochorus.com/es/books/the-inner-chamber
el aposento interior pdf,es,PDF,1,El aposento interior,Andrew Murray,https://ochorus.com/es/books/the-inner-chamber
andrew murray el aposento interior,es,Author + title,1,El aposento interior,Andrew Murray,https://ochorus.com/es/books/the-inner-chamber
el aposento interior gratis,es,Free online,2,El aposento interior,Andrew Murray,https://ochorus.com/es/books/the-inner-chamber
el aposento interior texto completo,es,Full text,2,El aposento interior,Andrew Murray,https://ochorus.com/es/books/the-inner-chamber
el aposento interior resumen,es,Summary,3,El aposento interior,Andrew Murray,https://ochorus.com/es/books/the-inner-chamber
la llave en mi mano,es,Title (navigational),1,La llave en mi mano,Gareth Evans,https://ochorus.com/es/books/the-key-in-my-hand
la llave en mi mano leer online,es,Read online,1,La llave en mi mano,Gareth Evans,https://ochorus.com/es/books/the-key-in-my-hand
la llave en mi mano pdf,es,PDF,1,La llave en mi mano,Gareth Evans,https://ochorus.com/es/books/the-key-in-my-hand
gareth evans la llave en mi mano,es,Author + title,1,La llave en mi mano,Gareth Evans,https://ochorus.com/es/books/the-key-in-my-hand
la llave en mi mano gratis,es,Free online,2,La llave en mi mano,Gareth Evans,https://ochorus.com/es/books/the-key-in-my-hand
la llave en mi mano texto completo,es,Full text,2,La llave en mi mano,Gareth Evans,https://ochorus.com/es/books/the-key-in-my-hand
la llave en mi mano resumen,es,Summary,3,La llave en mi mano,Gareth Evans,https://ochorus.com/es/books/the-key-in-my-hand
la persona y la obra del espíritu santo,es,Title (navigational),1,La Persona y la Obra del Espíritu Santo,R. A. Torrey,https://ochorus.com/es/books/the-person-and-work-of-the-holy-spirit
la persona y la obra del espíritu santo leer online,es,Read online,1,La Persona y la Obra del Espíritu Santo,R. A. Torrey,https://ochorus.com/es/books/the-person-and-work-of-the-holy-spirit
la persona y la obra del espíritu santo pdf,es,PDF,1,La Persona y la Obra del Espíritu Santo,R. A. Torrey,https://ochorus.com/es/books/the-person-and-work-of-the-holy-spirit
r. a. torrey la persona y la obra del espíritu santo,es,Author + title,1,La Persona y la Obra del Espíritu Santo,R. A. Torrey,https://ochorus.com/es/books/the-person-and-work-of-the-holy-spirit
la persona y la obra del espíritu santo gratis,es,Free online,2,La Persona y la Obra del Espíritu Santo,R. A. Torrey,https://ochorus.com/es/books/the-person-and-work-of-the-holy-spirit
la persona y la obra del espíritu santo texto completo,es,Full text,2,La Persona y la Obra del Espíritu Santo,R. A. Torrey,https://ochorus.com/es/books/the-person-and-work-of-the-holy-spirit
la persona y la obra del espíritu santo resumen,es,Summary,3,La Persona y la Obra del Espíritu Santo,R. A. Torrey,https://ochorus.com/es/books/the-person-and-work-of-the-holy-spirit
el secreto de la guía divina,es,Title (navigational),1,El secreto de la guía divina,Frederick Brotherton Meyer,https://ochorus.com/es/books/the-secret-of-guidance
el secreto de la guía divina leer online,es,Read online,1,El secreto de la guía divina,Frederick Brotherton Meyer,https://ochorus.com/es/books/the-secret-of-guidance
el secreto de la guía divina pdf,es,PDF,1,El secreto de la guía divina,Frederick Brotherton Meyer,https://ochorus.com/es/books/the-secret-of-guidance
frederick brotherton meyer el secreto de la guía divina,es,Author + title,1,El secreto de la guía divina,Frederick Brotherton Meyer,https://ochorus.com/es/books/the-secret-of-guidance
el secreto de la guía divina gratis,es,Free online,2,El secreto de la guía divina,Frederick Brotherton Meyer,https://ochorus.com/es/books/the-secret-of-guidance
el secreto de la guía divina texto completo,es,Full text,2,El secreto de la guía divina,Frederick Brotherton Meyer,https://ochorus.com/es/books/the-secret-of-guidance
el secreto de la guía divina resumen,es,Summary,3,El secreto de la guía divina,Frederick Brotherton Meyer,https://ochorus.com/es/books/the-secret-of-guidance
la abnegación de dios,es,Title (navigational),1,La abnegación de Dios,Hannah Whitall Smith,https://ochorus.com/es/books/the-unselfishness-of-god
la abnegación de dios leer online,es,Read online,1,La abnegación de Dios,Hannah Whitall Smith,https://ochorus.com/es/books/the-unselfishness-of-god
la abnegación de dios pdf,es,PDF,1,La abnegación de Dios,Hannah Whitall Smith,https://ochorus.com/es/books/the-unselfishness-of-god
hannah whitall smith la abnegación de dios,es,Author + title,1,La abnegación de Dios,Hannah Whitall Smith,https://ochorus.com/es/books/the-unselfishness-of-god
la abnegación de dios gratis,es,Free online,2,La abnegación de Dios,Hannah Whitall Smith,https://ochorus.com/es/books/the-unselfishness-of-god
la abnegación de dios texto completo,es,Full text,2,La abnegación de Dios,Hannah Whitall Smith,https://ochorus.com/es/books/the-unselfishness-of-god
la abnegación de dios resumen,es,Summary,3,La abnegación de Dios,Hannah Whitall Smith,https://ochorus.com/es/books/the-unselfishness-of-god
el camino a dios,es,Title (navigational),1,El Camino a Dios,Dwight L. Moody,https://ochorus.com/es/books/the-way-to-god
el camino a dios leer online,es,Read online,1,El Camino a Dios,Dwight L. Moody,https://ochorus.com/es/books/the-way-to-god
el camino a dios pdf,es,PDF,1,El Camino a Dios,Dwight L. Moody,https://ochorus.com/es/books/the-way-to-god
dwight l. moody el camino a dios,es,Author + title,1,El Camino a Dios,Dwight L. Moody,https://ochorus.com/es/books/the-way-to-god
el camino a dios gratis,es,Free online,2,El Camino a Dios,Dwight L. Moody,https://ochorus.com/es/books/the-way-to-god
el camino a dios texto completo,es,Full text,2,El Camino a Dios,Dwight L. Moody,https://ochorus.com/es/books/the-way-to-god
el camino a dios resumen,es,Summary,3,El Camino a Dios,Dwight L. Moody,https://ochorus.com/es/books/the-way-to-god
la vid verdadera,es,Title (navigational),1,La vid verdadera,Andrew Murray,https://ochorus.com/es/books/true-vine
la vid verdadera leer online,es,Read online,1,La vid verdadera,Andrew Murray,https://ochorus.com/es/books/true-vine
la vid verdadera pdf,es,PDF,1,La vid verdadera,Andrew Murray,https://ochorus.com/es/books/true-vine
andrew murray la vid verdadera,es,Author + title,1,La vid verdadera,Andrew Murray,https://ochorus.com/es/books/true-vine
la vid verdadera gratis,es,Free online,2,La vid verdadera,Andrew Murray,https://ochorus.com/es/books/true-vine
la vid verdadera texto completo,es,Full text,2,La vid verdadera,Andrew Murray,https://ochorus.com/es/books/true-vine
la vid verdadera resumen,es,Summary,3,La vid verdadera,Andrew Murray,https://ochorus.com/es/books/true-vine
unión y comunión,es,Title (navigational),1,Unión y comunión,Hudson Taylor,https://ochorus.com/es/books/union-and-communion
unión y comunión leer online,es,Read online,1,Unión y comunión,Hudson Taylor,https://ochorus.com/es/books/union-and-communion
unión y comunión pdf,es,PDF,1,Unión y comunión,Hudson Taylor,https://ochorus.com/es/books/union-and-communion
hudson taylor unión y comunión,es,Author + title,1,Unión y comunión,Hudson Taylor,https://ochorus.com/es/books/union-and-communion
unión y comunión gratis,es,Free online,2,Unión y comunión,Hudson Taylor,https://ochorus.com/es/books/union-and-communion
unión y comunión texto completo,es,Full text,2,Unión y comunión,Hudson Taylor,https://ochorus.com/es/books/union-and-communion
unión y comunión resumen,es,Summary,3,Unión y comunión,Hudson Taylor,https://ochorus.com/es/books/union-and-communion
esperando en dios,es,Title (navigational),1,Esperando en Dios,Andrew Murray,https://ochorus.com/es/books/waiting-on-god
esperando en dios leer online,es,Read online,1,Esperando en Dios,Andrew Murray,https://ochorus.com/es/books/waiting-on-god
esperando en dios pdf,es,PDF,1,Esperando en Dios,Andrew Murray,https://ochorus.com/es/books/waiting-on-god
andrew murray esperando en dios,es,Author + title,1,Esperando en Dios,Andrew Murray,https://ochorus.com/es/books/waiting-on-god
esperando en dios gratis,es,Free online,2,Esperando en Dios,Andrew Murray,https://ochorus.com/es/books/waiting-on-god
esperando en dios texto completo,es,Full text,2,Esperando en Dios,Andrew Murray,https://ochorus.com/es/books/waiting-on-god
esperando en dios resumen,es,Summary,3,Esperando en Dios,Andrew Murray,https://ochorus.com/es/books/waiting-on-god
yote kwa neema,sw,Title (navigational),1,Yote kwa Neema,Charles H. Spurgeon,https://ochorus.com/sw/books/all-of-grace
yote kwa neema soma mtandaoni,sw,Read online,1,Yote kwa Neema,Charles H. Spurgeon,https://ochorus.com/sw/books/all-of-grace
yote kwa neema pdf,sw,PDF,1,Yote kwa Neema,Charles H. Spurgeon,https://ochorus.com/sw/books/all-of-grace
charles h. spurgeon yote kwa neema,sw,Author + title,1,Yote kwa Neema,Charles H. Spurgeon,https://ochorus.com/sw/books/all-of-grace
yote kwa neema soma bure,sw,Free online,2,Yote kwa Neema,Charles H. Spurgeon,https://ochorus.com/sw/books/all-of-grace
yote kwa neema maandishi kamili,sw,Full text,2,Yote kwa Neema,Charles H. Spurgeon,https://ochorus.com/sw/books/all-of-grace
yote kwa neema muhtasari,sw,Summary,3,Yote kwa Neema,Charles H. Spurgeon,https://ochorus.com/sw/books/all-of-grace
ubatizo wa roho mtakatifu,sw,Title (navigational),1,Ubatizo wa Roho Mtakatifu,R. A. Torrey,https://ochorus.com/sw/books/baptism-with-the-holy-spirit
ubatizo wa roho mtakatifu soma mtandaoni,sw,Read online,1,Ubatizo wa Roho Mtakatifu,R. A. Torrey,https://ochorus.com/sw/books/baptism-with-the-holy-spirit
ubatizo wa roho mtakatifu pdf,sw,PDF,1,Ubatizo wa Roho Mtakatifu,R. A. Torrey,https://ochorus.com/sw/books/baptism-with-the-holy-spirit
r. a. torrey ubatizo wa roho mtakatifu,sw,Author + title,1,Ubatizo wa Roho Mtakatifu,R. A. Torrey,https://ochorus.com/sw/books/baptism-with-the-holy-spirit
ubatizo wa roho mtakatifu soma bure,sw,Free online,2,Ubatizo wa Roho Mtakatifu,R. A. Torrey,https://ochorus.com/sw/books/baptism-with-the-holy-spirit
ubatizo wa roho mtakatifu maandishi kamili,sw,Full text,2,Ubatizo wa Roho Mtakatifu,R. A. Torrey,https://ochorus.com/sw/books/baptism-with-the-holy-spirit
ubatizo wa roho mtakatifu muhtasari,sw,Summary,3,Ubatizo wa Roho Mtakatifu,R. A. Torrey,https://ochorus.com/sw/books/baptism-with-the-holy-spirit
kitabu cha hundi cha benki ya imani,sw,Title (navigational),1,Kitabu cha Hundi cha Benki ya Imani,Charles H. Spurgeon,https://ochorus.com/sw/books/cheque-book
kitabu cha hundi cha benki ya imani soma mtandaoni,sw,Read online,1,Kitabu cha Hundi cha Benki ya Imani,Charles H. Spurgeon,https://ochorus.com/sw/books/cheque-book
kitabu cha hundi cha benki ya imani pdf,sw,PDF,1,Kitabu cha Hundi cha Benki ya Imani,Charles H. Spurgeon,https://ochorus.com/sw/books/cheque-book
charles h. spurgeon kitabu cha hundi cha benki ya imani,sw,Author + title,1,Kitabu cha Hundi cha Benki ya Imani,Charles H. Spurgeon,https://ochorus.com/sw/books/cheque-book
kitabu cha hundi cha benki ya imani soma bure,sw,Free online,2,Kitabu cha Hundi cha Benki ya Imani,Charles H. Spurgeon,https://ochorus.com/sw/books/cheque-book
kitabu cha hundi cha benki ya imani maandishi kamili,sw,Full text,2,Kitabu cha Hundi cha Benki ya Imani,Charles H. Spurgeon,https://ochorus.com/sw/books/cheque-book
kitabu cha hundi cha benki ya imani muhtasari,sw,Summary,3,Kitabu cha Hundi cha Benki ya Imani,Charles H. Spurgeon,https://ochorus.com/sw/books/cheque-book
amevaa nguvu na heshima,sw,Title (navigational),1,Amevaa Nguvu na Heshima,Ochorus Originals,https://ochorus.com/sw/books/clothed-with-strength-and-dignity
amevaa nguvu na heshima soma mtandaoni,sw,Read online,1,Amevaa Nguvu na Heshima,Ochorus Originals,https://ochorus.com/sw/books/clothed-with-strength-and-dignity
amevaa nguvu na heshima pdf,sw,PDF,1,Amevaa Nguvu na Heshima,Ochorus Originals,https://ochorus.com/sw/books/clothed-with-strength-and-dignity
ochorus originals amevaa nguvu na heshima,sw,Author + title,1,Amevaa Nguvu na Heshima,Ochorus Originals,https://ochorus.com/sw/books/clothed-with-strength-and-dignity
amevaa nguvu na heshima soma bure,sw,Free online,2,Amevaa Nguvu na Heshima,Ochorus Originals,https://ochorus.com/sw/books/clothed-with-strength-and-dignity
amevaa nguvu na heshima maandishi kamili,sw,Full text,2,Amevaa Nguvu na Heshima,Ochorus Originals,https://ochorus.com/sw/books/clothed-with-strength-and-dignity
amevaa nguvu na heshima muhtasari,sw,Summary,3,Amevaa Nguvu na Heshima,Ochorus Originals,https://ochorus.com/sw/books/clothed-with-strength-and-dignity
siku za mbinguni hapa duniani,sw,Title (navigational),1,Siku za Mbinguni Hapa Duniani,A. B. Simpson,https://ochorus.com/sw/books/days-of-heaven-upon-earth
siku za mbinguni hapa duniani soma mtandaoni,sw,Read online,1,Siku za Mbinguni Hapa Duniani,A. B. Simpson,https://ochorus.com/sw/books/days-of-heaven-upon-earth
siku za mbinguni hapa duniani pdf,sw,PDF,1,Siku za Mbinguni Hapa Duniani,A. B. Simpson,https://ochorus.com/sw/books/days-of-heaven-upon-earth
a. b. simpson siku za mbinguni hapa duniani,sw,Author + title,1,Siku za Mbinguni Hapa Duniani,A. B. Simpson,https://ochorus.com/sw/books/days-of-heaven-upon-earth
siku za mbinguni hapa duniani soma bure,sw,Free online,2,Siku za Mbinguni Hapa Duniani,A. B. Simpson,https://ochorus.com/sw/books/days-of-heaven-upon-earth
siku za mbinguni hapa duniani maandishi kamili,sw,Full text,2,Siku za Mbinguni Hapa Duniani,A. B. Simpson,https://ochorus.com/sw/books/days-of-heaven-upon-earth
siku za mbinguni hapa duniani muhtasari,sw,Summary,3,Siku za Mbinguni Hapa Duniani,A. B. Simpson,https://ochorus.com/sw/books/days-of-heaven-upon-earth
uponyaji wa kimungu,sw,Title (navigational),1,Uponyaji wa Kimungu,Andrew Murray,https://ochorus.com/sw/books/divine-healing
uponyaji wa kimungu soma mtandaoni,sw,Read online,1,Uponyaji wa Kimungu,Andrew Murray,https://ochorus.com/sw/books/divine-healing
uponyaji wa kimungu pdf,sw,PDF,1,Uponyaji wa Kimungu,Andrew Murray,https://ochorus.com/sw/books/divine-healing
andrew murray uponyaji wa kimungu,sw,Author + title,1,Uponyaji wa Kimungu,Andrew Murray,https://ochorus.com/sw/books/divine-healing
uponyaji wa kimungu soma bure,sw,Free online,2,Uponyaji wa Kimungu,Andrew Murray,https://ochorus.com/sw/books/divine-healing
uponyaji wa kimungu maandishi kamili,sw,Full text,2,Uponyaji wa Kimungu,Andrew Murray,https://ochorus.com/sw/books/divine-healing
uponyaji wa kimungu muhtasari,sw,Summary,3,Uponyaji wa Kimungu,Andrew Murray,https://ochorus.com/sw/books/divine-healing
karamu mezani pa bwana,sw,Title (navigational),1,Karamu Mezani pa Bwana,Gareth Evans,https://ochorus.com/sw/books/feasting-at-the-table
karamu mezani pa bwana soma mtandaoni,sw,Read online,1,Karamu Mezani pa Bwana,Gareth Evans,https://ochorus.com/sw/books/feasting-at-the-table
karamu mezani pa bwana pdf,sw,PDF,1,Karamu Mezani pa Bwana,Gareth Evans,https://ochorus.com/sw/books/feasting-at-the-table
gareth evans karamu mezani pa bwana,sw,Author + title,1,Karamu Mezani pa Bwana,Gareth Evans,https://ochorus.com/sw/books/feasting-at-the-table
karamu mezani pa bwana soma bure,sw,Free online,2,Karamu Mezani pa Bwana,Gareth Evans,https://ochorus.com/sw/books/feasting-at-the-table
karamu mezani pa bwana maandishi kamili,sw,Full text,2,Karamu Mezani pa Bwana,Gareth Evans,https://ochorus.com/sw/books/feasting-at-the-table
karamu mezani pa bwana muhtasari,sw,Summary,3,Karamu Mezani pa Bwana,Gareth Evans,https://ochorus.com/sw/books/feasting-at-the-table
masazo katikati ya miganda,sw,Title (navigational),1,Masazo Katikati ya Miganda,Charles H. Spurgeon,https://ochorus.com/sw/books/gleanings-among-the-sheaves
masazo katikati ya miganda soma mtandaoni,sw,Read online,1,Masazo Katikati ya Miganda,Charles H. Spurgeon,https://ochorus.com/sw/books/gleanings-among-the-sheaves
masazo katikati ya miganda pdf,sw,PDF,1,Masazo Katikati ya Miganda,Charles H. Spurgeon,https://ochorus.com/sw/books/gleanings-among-the-sheaves
charles h. spurgeon masazo katikati ya miganda,sw,Author + title,1,Masazo Katikati ya Miganda,Charles H. Spurgeon,https://ochorus.com/sw/books/gleanings-among-the-sheaves
masazo katikati ya miganda soma bure,sw,Free online,2,Masazo Katikati ya Miganda,Charles H. Spurgeon,https://ochorus.com/sw/books/gleanings-among-the-sheaves
masazo katikati ya miganda maandishi kamili,sw,Full text,2,Masazo Katikati ya Miganda,Charles H. Spurgeon,https://ochorus.com/sw/books/gleanings-among-the-sheaves
masazo katikati ya miganda muhtasari,sw,Summary,3,Masazo Katikati ya Miganda,Charles H. Spurgeon,https://ochorus.com/sw/books/gleanings-among-the-sheaves
utauwa,sw,Title (navigational),1,Utauwa,Catherine Booth,https://ochorus.com/sw/books/godliness
utauwa soma mtandaoni,sw,Read online,1,Utauwa,Catherine Booth,https://ochorus.com/sw/books/godliness
utauwa pdf,sw,PDF,1,Utauwa,Catherine Booth,https://ochorus.com/sw/books/godliness
catherine booth utauwa,sw,Author + title,1,Utauwa,Catherine Booth,https://ochorus.com/sw/books/godliness
utauwa soma bure,sw,Free online,2,Utauwa,Catherine Booth,https://ochorus.com/sw/books/godliness
utauwa maandishi kamili,sw,Full text,2,Utauwa,Catherine Booth,https://ochorus.com/sw/books/godliness
utauwa muhtasari,sw,Summary,3,Utauwa,Catherine Booth,https://ochorus.com/sw/books/godliness
anazishika kesho zangu,sw,Title (navigational),1,Anazishika Kesho Zangu,Gareth Evans,https://ochorus.com/sw/books/he-holds-my-tomorrows
anazishika kesho zangu soma mtandaoni,sw,Read online,1,Anazishika Kesho Zangu,Gareth Evans,https://ochorus.com/sw/books/he-holds-my-tomorrows
anazishika kesho zangu pdf,sw,PDF,1,Anazishika Kesho Zangu,Gareth Evans,https://ochorus.com/sw/books/he-holds-my-tomorrows
gareth evans anazishika kesho zangu,sw,Author + title,1,Anazishika Kesho Zangu,Gareth Evans,https://ochorus.com/sw/books/he-holds-my-tomorrows
anazishika kesho zangu soma bure,sw,Free online,2,Anazishika Kesho Zangu,Gareth Evans,https://ochorus.com/sw/books/he-holds-my-tomorrows
anazishika kesho zangu maandishi kamili,sw,Full text,2,Anazishika Kesho Zangu,Gareth Evans,https://ochorus.com/sw/books/he-holds-my-tomorrows
anazishika kesho zangu muhtasari,sw,Summary,3,Anazishika Kesho Zangu,Gareth Evans,https://ochorus.com/sw/books/he-holds-my-tomorrows
unyenyekevu,sw,Title (navigational),1,Unyenyekevu,Andrew Murray,https://ochorus.com/sw/books/humility-2
unyenyekevu soma mtandaoni,sw,Read online,1,Unyenyekevu,Andrew Murray,https://ochorus.com/sw/books/humility-2
unyenyekevu pdf,sw,PDF,1,Unyenyekevu,Andrew Murray,https://ochorus.com/sw/books/humility-2
andrew murray unyenyekevu,sw,Author + title,1,Unyenyekevu,Andrew Murray,https://ochorus.com/sw/books/humility-2
unyenyekevu soma bure,sw,Free online,2,Unyenyekevu,Andrew Murray,https://ochorus.com/sw/books/humility-2
unyenyekevu maandishi kamili,sw,Full text,2,Unyenyekevu,Andrew Murray,https://ochorus.com/sw/books/humility-2
unyenyekevu muhtasari,sw,Summary,3,Unyenyekevu,Andrew Murray,https://ochorus.com/sw/books/humility-2
yesu mwenyewe,sw,Title (navigational),1,Yesu Mwenyewe,Andrew Murray,https://ochorus.com/sw/books/jesus-himself-2
yesu mwenyewe soma mtandaoni,sw,Read online,1,Yesu Mwenyewe,Andrew Murray,https://ochorus.com/sw/books/jesus-himself-2
yesu mwenyewe pdf,sw,PDF,1,Yesu Mwenyewe,Andrew Murray,https://ochorus.com/sw/books/jesus-himself-2
andrew murray yesu mwenyewe,sw,Author + title,1,Yesu Mwenyewe,Andrew Murray,https://ochorus.com/sw/books/jesus-himself-2
yesu mwenyewe soma bure,sw,Free online,2,Yesu Mwenyewe,Andrew Murray,https://ochorus.com/sw/books/jesus-himself-2
yesu mwenyewe maandishi kamili,sw,Full text,2,Yesu Mwenyewe,Andrew Murray,https://ochorus.com/sw/books/jesus-himself-2
yesu mwenyewe muhtasari,sw,Summary,3,Yesu Mwenyewe,Andrew Murray,https://ochorus.com/sw/books/jesus-himself-2
"bwana, tufundishe kuomba",sw,Title (navigational),1,"Bwana, Tufundishe Kuomba",Andrew Murray,https://ochorus.com/sw/books/lord-teach-us-to-pray-2
"bwana, tufundishe kuomba soma mtandaoni",sw,Read online,1,"Bwana, Tufundishe Kuomba",Andrew Murray,https://ochorus.com/sw/books/lord-teach-us-to-pray-2
"bwana, tufundishe kuomba pdf",sw,PDF,1,"Bwana, Tufundishe Kuomba",Andrew Murray,https://ochorus.com/sw/books/lord-teach-us-to-pray-2
"andrew murray bwana, tufundishe kuomba",sw,Author + title,1,"Bwana, Tufundishe Kuomba",Andrew Murray,https://ochorus.com/sw/books/lord-teach-us-to-pray-2
"bwana, tufundishe kuomba soma bure",sw,Free online,2,"Bwana, Tufundishe Kuomba",Andrew Murray,https://ochorus.com/sw/books/lord-teach-us-to-pray-2
"bwana, tufundishe kuomba maandishi kamili",sw,Full text,2,"Bwana, Tufundishe Kuomba",Andrew Murray,https://ochorus.com/sw/books/lord-teach-us-to-pray-2
"bwana, tufundishe kuomba muhtasari",sw,Summary,3,"Bwana, Tufundishe Kuomba",Andrew Murray,https://ochorus.com/sw/books/lord-teach-us-to-pray-2
huduma ya maombezi,sw,Title (navigational),1,Huduma ya Maombezi,Andrew Murray,https://ochorus.com/sw/books/ministry-of-intercession
huduma ya maombezi soma mtandaoni,sw,Read online,1,Huduma ya Maombezi,Andrew Murray,https://ochorus.com/sw/books/ministry-of-intercession
huduma ya maombezi pdf,sw,PDF,1,Huduma ya Maombezi,Andrew Murray,https://ochorus.com/sw/books/ministry-of-intercession
andrew murray huduma ya maombezi,sw,Author + title,1,Huduma ya Maombezi,Andrew Murray,https://ochorus.com/sw/books/ministry-of-intercession
huduma ya maombezi soma bure,sw,Free online,2,Huduma ya Maombezi,Andrew Murray,https://ochorus.com/sw/books/ministry-of-intercession
huduma ya maombezi maandishi kamili,sw,Full text,2,Huduma ya Maombezi,Andrew Murray,https://ochorus.com/sw/books/ministry-of-intercession
huduma ya maombezi muhtasari,sw,Summary,3,Huduma ya Maombezi,Andrew Murray,https://ochorus.com/sw/books/ministry-of-intercession
nguvu kupitia maombi,sw,Title (navigational),1,Nguvu Kupitia Maombi,E. M. Bounds,https://ochorus.com/sw/books/power-through-prayer
nguvu kupitia maombi soma mtandaoni,sw,Read online,1,Nguvu Kupitia Maombi,E. M. Bounds,https://ochorus.com/sw/books/power-through-prayer
nguvu kupitia maombi pdf,sw,PDF,1,Nguvu Kupitia Maombi,E. M. Bounds,https://ochorus.com/sw/books/power-through-prayer
e. m. bounds nguvu kupitia maombi,sw,Author + title,1,Nguvu Kupitia Maombi,E. M. Bounds,https://ochorus.com/sw/books/power-through-prayer
nguvu kupitia maombi soma bure,sw,Free online,2,Nguvu Kupitia Maombi,E. M. Bounds,https://ochorus.com/sw/books/power-through-prayer
nguvu kupitia maombi maandishi kamili,sw,Full text,2,Nguvu Kupitia Maombi,E. M. Bounds,https://ochorus.com/sw/books/power-through-prayer
nguvu kupitia maombi muhtasari,sw,Summary,3,Nguvu Kupitia Maombi,E. M. Bounds,https://ochorus.com/sw/books/power-through-prayer
maombi – mapigo ya uhai,sw,Title (navigational),1,Maombi – Mapigo ya Uhai,Hannah Buyinza,https://ochorus.com/sw/books/prayer-the-pulse-of-life
maombi – mapigo ya uhai soma mtandaoni,sw,Read online,1,Maombi – Mapigo ya Uhai,Hannah Buyinza,https://ochorus.com/sw/books/prayer-the-pulse-of-life
maombi – mapigo ya uhai pdf,sw,PDF,1,Maombi – Mapigo ya Uhai,Hannah Buyinza,https://ochorus.com/sw/books/prayer-the-pulse-of-life
hannah buyinza maombi – mapigo ya uhai,sw,Author + title,1,Maombi – Mapigo ya Uhai,Hannah Buyinza,https://ochorus.com/sw/books/prayer-the-pulse-of-life
maombi – mapigo ya uhai soma bure,sw,Free online,2,Maombi – Mapigo ya Uhai,Hannah Buyinza,https://ochorus.com/sw/books/prayer-the-pulse-of-life
maombi – mapigo ya uhai maandishi kamili,sw,Full text,2,Maombi – Mapigo ya Uhai,Hannah Buyinza,https://ochorus.com/sw/books/prayer-the-pulse-of-life
maombi – mapigo ya uhai muhtasari,sw,Summary,3,Maombi – Mapigo ya Uhai,Hannah Buyinza,https://ochorus.com/sw/books/prayer-the-pulse-of-life
maombi yenye kushinda,sw,Title (navigational),1,Maombi Yenye Kushinda,Dwight L. Moody,https://ochorus.com/sw/books/prevailing-prayer
maombi yenye kushinda soma mtandaoni,sw,Read online,1,Maombi Yenye Kushinda,Dwight L. Moody,https://ochorus.com/sw/books/prevailing-prayer
maombi yenye kushinda pdf,sw,PDF,1,Maombi Yenye Kushinda,Dwight L. Moody,https://ochorus.com/sw/books/prevailing-prayer
dwight l. moody maombi yenye kushinda,sw,Author + title,1,Maombi Yenye Kushinda,Dwight L. Moody,https://ochorus.com/sw/books/prevailing-prayer
maombi yenye kushinda soma bure,sw,Free online,2,Maombi Yenye Kushinda,Dwight L. Moody,https://ochorus.com/sw/books/prevailing-prayer
maombi yenye kushinda maandishi kamili,sw,Full text,2,Maombi Yenye Kushinda,Dwight L. Moody,https://ochorus.com/sw/books/prevailing-prayer
maombi yenye kushinda muhtasari,sw,Summary,3,Maombi Yenye Kushinda,Dwight L. Moody,https://ochorus.com/sw/books/prevailing-prayer
usafi wa moyo,sw,Title (navigational),1,Usafi wa Moyo,William Booth,https://ochorus.com/sw/books/purity-of-heart
usafi wa moyo soma mtandaoni,sw,Read online,1,Usafi wa Moyo,William Booth,https://ochorus.com/sw/books/purity-of-heart
usafi wa moyo pdf,sw,PDF,1,Usafi wa Moyo,William Booth,https://ochorus.com/sw/books/purity-of-heart
william booth usafi wa moyo,sw,Author + title,1,Usafi wa Moyo,William Booth,https://ochorus.com/sw/books/purity-of-heart
usafi wa moyo soma bure,sw,Free online,2,Usafi wa Moyo,William Booth,https://ochorus.com/sw/books/purity-of-heart
usafi wa moyo maandishi kamili,sw,Full text,2,Usafi wa Moyo,William Booth,https://ochorus.com/sw/books/purity-of-heart
usafi wa moyo muhtasari,sw,Summary,3,Usafi wa Moyo,William Booth,https://ochorus.com/sw/books/purity-of-heart
kupaa kama tai,sw,Title (navigational),1,Kupaa Kama Tai,Gareth Evans,https://ochorus.com/sw/books/soar-like-the-eagle-3
kupaa kama tai soma mtandaoni,sw,Read online,1,Kupaa Kama Tai,Gareth Evans,https://ochorus.com/sw/books/soar-like-the-eagle-3
kupaa kama tai pdf,sw,PDF,1,Kupaa Kama Tai,Gareth Evans,https://ochorus.com/sw/books/soar-like-the-eagle-3
gareth evans kupaa kama tai,sw,Author + title,1,Kupaa Kama Tai,Gareth Evans,https://ochorus.com/sw/books/soar-like-the-eagle-3
kupaa kama tai soma bure,sw,Free online,2,Kupaa Kama Tai,Gareth Evans,https://ochorus.com/sw/books/soar-like-the-eagle-3
kupaa kama tai maandishi kamili,sw,Full text,2,Kupaa Kama Tai,Gareth Evans,https://ochorus.com/sw/books/soar-like-the-eagle-3
kupaa kama tai muhtasari,sw,Summary,3,Kupaa Kama Tai,Gareth Evans,https://ochorus.com/sw/books/soar-like-the-eagle-3
mawe ya kukanyagia,sw,Title (navigational),1,Mawe ya Kukanyagia,Gareth Evans,https://ochorus.com/sw/books/stepping-stones-2
mawe ya kukanyagia soma mtandaoni,sw,Read online,1,Mawe ya Kukanyagia,Gareth Evans,https://ochorus.com/sw/books/stepping-stones-2
mawe ya kukanyagia pdf,sw,PDF,1,Mawe ya Kukanyagia,Gareth Evans,https://ochorus.com/sw/books/stepping-stones-2
gareth evans mawe ya kukanyagia,sw,Author + title,1,Mawe ya Kukanyagia,Gareth Evans,https://ochorus.com/sw/books/stepping-stones-2
mawe ya kukanyagia soma bure,sw,Free online,2,Mawe ya Kukanyagia,Gareth Evans,https://ochorus.com/sw/books/stepping-stones-2
mawe ya kukanyagia maandishi kamili,sw,Full text,2,Mawe ya Kukanyagia,Gareth Evans,https://ochorus.com/sw/books/stepping-stones-2
mawe ya kukanyagia muhtasari,sw,Summary,3,Mawe ya Kukanyagia,Gareth Evans,https://ochorus.com/sw/books/stepping-stones-2
mazungumzo na mkulima,sw,Title (navigational),1,Mazungumzo na Mkulima,Charles H. Spurgeon,https://ochorus.com/sw/books/talks-to-the-farmer
mazungumzo na mkulima soma mtandaoni,sw,Read online,1,Mazungumzo na Mkulima,Charles H. Spurgeon,https://ochorus.com/sw/books/talks-to-the-farmer
mazungumzo na mkulima pdf,sw,PDF,1,Mazungumzo na Mkulima,Charles H. Spurgeon,https://ochorus.com/sw/books/talks-to-the-farmer
charles h. spurgeon mazungumzo na mkulima,sw,Author + title,1,Mazungumzo na Mkulima,Charles H. Spurgeon,https://ochorus.com/sw/books/talks-to-the-farmer
mazungumzo na mkulima soma bure,sw,Free online,2,Mazungumzo na Mkulima,Charles H. Spurgeon,https://ochorus.com/sw/books/talks-to-the-farmer
mazungumzo na mkulima maandishi kamili,sw,Full text,2,Mazungumzo na Mkulima,Charles H. Spurgeon,https://ochorus.com/sw/books/talks-to-the-farmer
mazungumzo na mkulima muhtasari,sw,Summary,3,Mazungumzo na Mkulima,Charles H. Spurgeon,https://ochorus.com/sw/books/talks-to-the-farmer
injili nne,sw,Title (navigational),1,Injili Nne,A. B. Simpson,https://ochorus.com/sw/books/the-fourfold-gospel
injili nne soma mtandaoni,sw,Read online,1,Injili Nne,A. B. Simpson,https://ochorus.com/sw/books/the-fourfold-gospel
injili nne pdf,sw,PDF,1,Injili Nne,A. B. Simpson,https://ochorus.com/sw/books/the-fourfold-gospel
a. b. simpson injili nne,sw,Author + title,1,Injili Nne,A. B. Simpson,https://ochorus.com/sw/books/the-fourfold-gospel
injili nne soma bure,sw,Free online,2,Injili Nne,A. B. Simpson,https://ochorus.com/sw/books/the-fourfold-gospel
injili nne maandishi kamili,sw,Full text,2,Injili Nne,A. B. Simpson,https://ochorus.com/sw/books/the-fourfold-gospel
injili nne muhtasari,sw,Summary,3,Injili Nne,A. B. Simpson,https://ochorus.com/sw/books/the-fourfold-gospel
mungu wa faraja yote,sw,Title (navigational),1,Mungu wa Faraja Yote,Hannah Whitall Smith,https://ochorus.com/sw/books/the-god-of-all-comfort
mungu wa faraja yote soma mtandaoni,sw,Read online,1,Mungu wa Faraja Yote,Hannah Whitall Smith,https://ochorus.com/sw/books/the-god-of-all-comfort
mungu wa faraja yote pdf,sw,PDF,1,Mungu wa Faraja Yote,Hannah Whitall Smith,https://ochorus.com/sw/books/the-god-of-all-comfort
hannah whitall smith mungu wa faraja yote,sw,Author + title,1,Mungu wa Faraja Yote,Hannah Whitall Smith,https://ochorus.com/sw/books/the-god-of-all-comfort
mungu wa faraja yote soma bure,sw,Free online,2,Mungu wa Faraja Yote,Hannah Whitall Smith,https://ochorus.com/sw/books/the-god-of-all-comfort
mungu wa faraja yote maandishi kamili,sw,Full text,2,Mungu wa Faraja Yote,Hannah Whitall Smith,https://ochorus.com/sw/books/the-god-of-all-comfort
mungu wa faraja yote muhtasari,sw,Summary,3,Mungu wa Faraja Yote,Hannah Whitall Smith,https://ochorus.com/sw/books/the-god-of-all-comfort
injili ya uponyaji,sw,Title (navigational),1,Injili ya Uponyaji,A. B. Simpson,https://ochorus.com/sw/books/the-gospel-of-healing
injili ya uponyaji soma mtandaoni,sw,Read online,1,Injili ya Uponyaji,A. B. Simpson,https://ochorus.com/sw/books/the-gospel-of-healing
injili ya uponyaji pdf,sw,PDF,1,Injili ya Uponyaji,A. B. Simpson,https://ochorus.com/sw/books/the-gospel-of-healing
a. b. simpson injili ya uponyaji,sw,Author + title,1,Injili ya Uponyaji,A. B. Simpson,https://ochorus.com/sw/books/the-gospel-of-healing
injili ya uponyaji soma bure,sw,Free online,2,Injili ya Uponyaji,A. B. Simpson,https://ochorus.com/sw/books/the-gospel-of-healing
injili ya uponyaji maandishi kamili,sw,Full text,2,Injili ya Uponyaji,A. B. Simpson,https://ochorus.com/sw/books/the-gospel-of-healing
injili ya uponyaji muhtasari,sw,Summary,3,Injili ya Uponyaji,A. B. Simpson,https://ochorus.com/sw/books/the-gospel-of-healing
chumba cha ndani,sw,Title (navigational),1,Chumba cha Ndani,Andrew Murray,https://ochorus.com/sw/books/the-inner-chamber
chumba cha ndani soma mtandaoni,sw,Read online,1,Chumba cha Ndani,Andrew Murray,https://ochorus.com/sw/books/the-inner-chamber
chumba cha ndani pdf,sw,PDF,1,Chumba cha Ndani,Andrew Murray,https://ochorus.com/sw/books/the-inner-chamber
andrew murray chumba cha ndani,sw,Author + title,1,Chumba cha Ndani,Andrew Murray,https://ochorus.com/sw/books/the-inner-chamber
chumba cha ndani soma bure,sw,Free online,2,Chumba cha Ndani,Andrew Murray,https://ochorus.com/sw/books/the-inner-chamber
chumba cha ndani maandishi kamili,sw,Full text,2,Chumba cha Ndani,Andrew Murray,https://ochorus.com/sw/books/the-inner-chamber
chumba cha ndani muhtasari,sw,Summary,3,Chumba cha Ndani,Andrew Murray,https://ochorus.com/sw/books/the-inner-chamber
ufunguo ulio mkononi mwangu,sw,Title (navigational),1,Ufunguo Ulio Mkononi Mwangu,Gareth Evans,https://ochorus.com/sw/books/the-key-in-my-hand
ufunguo ulio mkononi mwangu soma mtandaoni,sw,Read online,1,Ufunguo Ulio Mkononi Mwangu,Gareth Evans,https://ochorus.com/sw/books/the-key-in-my-hand
ufunguo ulio mkononi mwangu pdf,sw,PDF,1,Ufunguo Ulio Mkononi Mwangu,Gareth Evans,https://ochorus.com/sw/books/the-key-in-my-hand
gareth evans ufunguo ulio mkononi mwangu,sw,Author + title,1,Ufunguo Ulio Mkononi Mwangu,Gareth Evans,https://ochorus.com/sw/books/the-key-in-my-hand
ufunguo ulio mkononi mwangu soma bure,sw,Free online,2,Ufunguo Ulio Mkononi Mwangu,Gareth Evans,https://ochorus.com/sw/books/the-key-in-my-hand
ufunguo ulio mkononi mwangu maandishi kamili,sw,Full text,2,Ufunguo Ulio Mkononi Mwangu,Gareth Evans,https://ochorus.com/sw/books/the-key-in-my-hand
ufunguo ulio mkononi mwangu muhtasari,sw,Summary,3,Ufunguo Ulio Mkononi Mwangu,Gareth Evans,https://ochorus.com/sw/books/the-key-in-my-hand
nafsi na kazi ya roho mtakatifu,sw,Title (navigational),1,Nafsi na Kazi ya Roho Mtakatifu,R. A. Torrey,https://ochorus.com/sw/books/the-person-and-work-of-the-holy-spirit
nafsi na kazi ya roho mtakatifu soma mtandaoni,sw,Read online,1,Nafsi na Kazi ya Roho Mtakatifu,R. A. Torrey,https://ochorus.com/sw/books/the-person-and-work-of-the-holy-spirit
nafsi na kazi ya roho mtakatifu pdf,sw,PDF,1,Nafsi na Kazi ya Roho Mtakatifu,R. A. Torrey,https://ochorus.com/sw/books/the-person-and-work-of-the-holy-spirit
r. a. torrey nafsi na kazi ya roho mtakatifu,sw,Author + title,1,Nafsi na Kazi ya Roho Mtakatifu,R. A. Torrey,https://ochorus.com/sw/books/the-person-and-work-of-the-holy-spirit
nafsi na kazi ya roho mtakatifu soma bure,sw,Free online,2,Nafsi na Kazi ya Roho Mtakatifu,R. A. Torrey,https://ochorus.com/sw/books/the-person-and-work-of-the-holy-spirit
nafsi na kazi ya roho mtakatifu maandishi kamili,sw,Full text,2,Nafsi na Kazi ya Roho Mtakatifu,R. A. Torrey,https://ochorus.com/sw/books/the-person-and-work-of-the-holy-spirit
nafsi na kazi ya roho mtakatifu muhtasari,sw,Summary,3,Nafsi na Kazi ya Roho Mtakatifu,R. A. Torrey,https://ochorus.com/sw/books/the-person-and-work-of-the-holy-spirit
ukarimu wa mungu usio na ubinafsi,sw,Title (navigational),1,Ukarimu wa Mungu Usio na Ubinafsi,Hannah Whitall Smith,https://ochorus.com/sw/books/the-unselfishness-of-god
ukarimu wa mungu usio na ubinafsi soma mtandaoni,sw,Read online,1,Ukarimu wa Mungu Usio na Ubinafsi,Hannah Whitall Smith,https://ochorus.com/sw/books/the-unselfishness-of-god
ukarimu wa mungu usio na ubinafsi pdf,sw,PDF,1,Ukarimu wa Mungu Usio na Ubinafsi,Hannah Whitall Smith,https://ochorus.com/sw/books/the-unselfishness-of-god
hannah whitall smith ukarimu wa mungu usio na ubinafsi,sw,Author + title,1,Ukarimu wa Mungu Usio na Ubinafsi,Hannah Whitall Smith,https://ochorus.com/sw/books/the-unselfishness-of-god
ukarimu wa mungu usio na ubinafsi soma bure,sw,Free online,2,Ukarimu wa Mungu Usio na Ubinafsi,Hannah Whitall Smith,https://ochorus.com/sw/books/the-unselfishness-of-god
ukarimu wa mungu usio na ubinafsi maandishi kamili,sw,Full text,2,Ukarimu wa Mungu Usio na Ubinafsi,Hannah Whitall Smith,https://ochorus.com/sw/books/the-unselfishness-of-god
ukarimu wa mungu usio na ubinafsi muhtasari,sw,Summary,3,Ukarimu wa Mungu Usio na Ubinafsi,Hannah Whitall Smith,https://ochorus.com/sw/books/the-unselfishness-of-god
njia ya kumwendea mungu,sw,Title (navigational),1,Njia ya Kumwendea Mungu,Dwight L. Moody,https://ochorus.com/sw/books/the-way-to-god
njia ya kumwendea mungu soma mtandaoni,sw,Read online,1,Njia ya Kumwendea Mungu,Dwight L. Moody,https://ochorus.com/sw/books/the-way-to-god
njia ya kumwendea mungu pdf,sw,PDF,1,Njia ya Kumwendea Mungu,Dwight L. Moody,https://ochorus.com/sw/books/the-way-to-god
dwight l. moody njia ya kumwendea mungu,sw,Author + title,1,Njia ya Kumwendea Mungu,Dwight L. Moody,https://ochorus.com/sw/books/the-way-to-god
njia ya kumwendea mungu soma bure,sw,Free online,2,Njia ya Kumwendea Mungu,Dwight L. Moody,https://ochorus.com/sw/books/the-way-to-god
njia ya kumwendea mungu maandishi kamili,sw,Full text,2,Njia ya Kumwendea Mungu,Dwight L. Moody,https://ochorus.com/sw/books/the-way-to-god
njia ya kumwendea mungu muhtasari,sw,Summary,3,Njia ya Kumwendea Mungu,Dwight L. Moody,https://ochorus.com/sw/books/the-way-to-god
mzabibu wa kweli,sw,Title (navigational),1,Mzabibu wa Kweli,Andrew Murray,https://ochorus.com/sw/books/true-vine
mzabibu wa kweli soma mtandaoni,sw,Read online,1,Mzabibu wa Kweli,Andrew Murray,https://ochorus.com/sw/books/true-vine
mzabibu wa kweli pdf,sw,PDF,1,Mzabibu wa Kweli,Andrew Murray,https://ochorus.com/sw/books/true-vine
andrew murray mzabibu wa kweli,sw,Author + title,1,Mzabibu wa Kweli,Andrew Murray,https://ochorus.com/sw/books/true-vine
mzabibu wa kweli soma bure,sw,Free online,2,Mzabibu wa Kweli,Andrew Murray,https://ochorus.com/sw/books/true-vine
mzabibu wa kweli maandishi kamili,sw,Full text,2,Mzabibu wa Kweli,Andrew Murray,https://ochorus.com/sw/books/true-vine
mzabibu wa kweli muhtasari,sw,Summary,3,Mzabibu wa Kweli,Andrew Murray,https://ochorus.com/sw/books/true-vine
kumngojea mungu,sw,Title (navigational),1,Kumngojea Mungu,Andrew Murray,https://ochorus.com/sw/books/waiting-on-god
kumngojea mungu soma mtandaoni,sw,Read online,1,Kumngojea Mungu,Andrew Murray,https://ochorus.com/sw/books/waiting-on-god
kumngojea mungu pdf,sw,PDF,1,Kumngojea Mungu,Andrew Murray,https://ochorus.com/sw/books/waiting-on-god
andrew murray kumngojea mungu,sw,Author + title,1,Kumngojea Mungu,Andrew Murray,https://ochorus.com/sw/books/waiting-on-god
kumngojea mungu soma bure,sw,Free online,2,Kumngojea Mungu,Andrew Murray,https://ochorus.com/sw/books/waiting-on-god
kumngojea mungu maandishi kamili,sw,Full text,2,Kumngojea Mungu,Andrew Murray,https://ochorus.com/sw/books/waiting-on-god
kumngojea mungu muhtasari,sw,Summary,3,Kumngojea Mungu,Andrew Murray,https://ochorus.com/sw/books/waiting-on-god
watchman nee,sw,Title (navigational),1,Watchman Nee,Watchman Nee,https://ochorus.com/sw/books/watchman-nee-a-life
watchman nee soma mtandaoni,sw,Read online,1,Watchman Nee,Watchman Nee,https://ochorus.com/sw/books/watchman-nee-a-life
watchman nee pdf,sw,PDF,1,Watchman Nee,Watchman Nee,https://ochorus.com/sw/books/watchman-nee-a-life
watchman nee watchman nee,sw,Author + title,1,Watchman Nee,Watchman Nee,https://ochorus.com/sw/books/watchman-nee-a-life
watchman nee soma bure,sw,Free online,2,Watchman Nee,Watchman Nee,https://ochorus.com/sw/books/watchman-nee-a-life
watchman nee maandishi kamili,sw,Full text,2,Watchman Nee,Watchman Nee,https://ochorus.com/sw/books/watchman-nee-a-life
watchman nee muhtasari,sw,Summary,3,Watchman Nee,Watchman Nee,https://ochorus.com/sw/books/watchman-nee-a-life
wanawake waliozitikisa mbingu,sw,Title (navigational),1,Wanawake Waliozitikisa Mbingu,Ochorus Originals,https://ochorus.com/sw/books/women-who-moved-heaven-2
wanawake waliozitikisa mbingu soma mtandaoni,sw,Read online,1,Wanawake Waliozitikisa Mbingu,Ochorus Originals,https://ochorus.com/sw/books/women-who-moved-heaven-2
wanawake waliozitikisa mbingu pdf,sw,PDF,1,Wanawake Waliozitikisa Mbingu,Ochorus Originals,https://ochorus.com/sw/books/women-who-moved-heaven-2
ochorus originals wanawake waliozitikisa mbingu,sw,Author + title,1,Wanawake Waliozitikisa Mbingu,Ochorus Originals,https://ochorus.com/sw/books/women-who-moved-heaven-2
wanawake waliozitikisa mbingu soma bure,sw,Free online,2,Wanawake Waliozitikisa Mbingu,Ochorus Originals,https://ochorus.com/sw/books/women-who-moved-heaven-2
wanawake waliozitikisa mbingu maandishi kamili,sw,Full text,2,Wanawake Waliozitikisa Mbingu,Ochorus Originals,https://ochorus.com/sw/books/women-who-moved-heaven-2
wanawake waliozitikisa mbingu muhtasari,sw,Summary,3,Wanawake Waliozitikisa Mbingu,Ochorus Originals,https://ochorus.com/sw/books/women-who-moved-heaven-2
um chamado aos não convertidos,pt,Title (navigational),1,Um Chamado aos Não Convertidos,Richard Baxter,https://ochorus.com/pt/books/a-call-to-the-unconverted
um chamado aos não convertidos ler online,pt,Read online,1,Um Chamado aos Não Convertidos,Richard Baxter,https://ochorus.com/pt/books/a-call-to-the-unconverted
um chamado aos não convertidos pdf,pt,PDF,1,Um Chamado aos Não Convertidos,Richard Baxter,https://ochorus.com/pt/books/a-call-to-the-unconverted
richard baxter um chamado aos não convertidos,pt,Author + title,1,Um Chamado aos Não Convertidos,Richard Baxter,https://ochorus.com/pt/books/a-call-to-the-unconverted
um chamado aos não convertidos grátis,pt,Free online,2,Um Chamado aos Não Convertidos,Richard Baxter,https://ochorus.com/pt/books/a-call-to-the-unconverted
um chamado aos não convertidos texto completo,pt,Full text,2,Um Chamado aos Não Convertidos,Richard Baxter,https://ochorus.com/pt/books/a-call-to-the-unconverted
um chamado aos não convertidos resumo,pt,Summary,3,Um Chamado aos Não Convertidos,Richard Baxter,https://ochorus.com/pt/books/a-call-to-the-unconverted
entrega absoluta,pt,Title (navigational),1,Entrega Absoluta,Andrew Murray,https://ochorus.com/pt/books/absolute-surrender
entrega absoluta ler online,pt,Read online,1,Entrega Absoluta,Andrew Murray,https://ochorus.com/pt/books/absolute-surrender
entrega absoluta pdf,pt,PDF,1,Entrega Absoluta,Andrew Murray,https://ochorus.com/pt/books/absolute-surrender
andrew murray entrega absoluta,pt,Author + title,1,Entrega Absoluta,Andrew Murray,https://ochorus.com/pt/books/absolute-surrender
entrega absoluta grátis,pt,Free online,2,Entrega Absoluta,Andrew Murray,https://ochorus.com/pt/books/absolute-surrender
entrega absoluta texto completo,pt,Full text,2,Entrega Absoluta,Andrew Murray,https://ochorus.com/pt/books/absolute-surrender
entrega absoluta resumo,pt,Summary,3,Entrega Absoluta,Andrew Murray,https://ochorus.com/pt/books/absolute-surrender
tudo pela graça,pt,Title (navigational),1,Tudo pela Graça,Charles H. Spurgeon,https://ochorus.com/pt/books/all-of-grace
tudo pela graça ler online,pt,Read online,1,Tudo pela Graça,Charles H. Spurgeon,https://ochorus.com/pt/books/all-of-grace
tudo pela graça pdf,pt,PDF,1,Tudo pela Graça,Charles H. Spurgeon,https://ochorus.com/pt/books/all-of-grace
charles h. spurgeon tudo pela graça,pt,Author + title,1,Tudo pela Graça,Charles H. Spurgeon,https://ochorus.com/pt/books/all-of-grace
tudo pela graça grátis,pt,Free online,2,Tudo pela Graça,Charles H. Spurgeon,https://ochorus.com/pt/books/all-of-grace
tudo pela graça texto completo,pt,Full text,2,Tudo pela Graça,Charles H. Spurgeon,https://ochorus.com/pt/books/all-of-grace
tudo pela graça resumo,pt,Summary,3,Tudo pela Graça,Charles H. Spurgeon,https://ochorus.com/pt/books/all-of-grace
todas as coisas para o bem,pt,Title (navigational),1,Todas as Coisas para o Bem,Thomas Watson,https://ochorus.com/pt/books/all-things-for-good
todas as coisas para o bem ler online,pt,Read online,1,Todas as Coisas para o Bem,Thomas Watson,https://ochorus.com/pt/books/all-things-for-good
todas as coisas para o bem pdf,pt,PDF,1,Todas as Coisas para o Bem,Thomas Watson,https://ochorus.com/pt/books/all-things-for-good
thomas watson todas as coisas para o bem,pt,Author + title,1,Todas as Coisas para o Bem,Thomas Watson,https://ochorus.com/pt/books/all-things-for-good
todas as coisas para o bem grátis,pt,Free online,2,Todas as Coisas para o Bem,Thomas Watson,https://ochorus.com/pt/books/all-things-for-good
todas as coisas para o bem texto completo,pt,Full text,2,Todas as Coisas para o Bem,Thomas Watson,https://ochorus.com/pt/books/all-things-for-good
todas as coisas para o bem resumo,pt,Summary,3,Todas as Coisas para o Bem,Thomas Watson,https://ochorus.com/pt/books/all-things-for-good
o batismo com o espírito santo,pt,Title (navigational),1,O batismo com o Espírito Santo,R. A. Torrey,https://ochorus.com/pt/books/baptism-with-the-holy-spirit
o batismo com o espírito santo ler online,pt,Read online,1,O batismo com o Espírito Santo,R. A. Torrey,https://ochorus.com/pt/books/baptism-with-the-holy-spirit
o batismo com o espírito santo pdf,pt,PDF,1,O batismo com o Espírito Santo,R. A. Torrey,https://ochorus.com/pt/books/baptism-with-the-holy-spirit
r. a. torrey o batismo com o espírito santo,pt,Author + title,1,O batismo com o Espírito Santo,R. A. Torrey,https://ochorus.com/pt/books/baptism-with-the-holy-spirit
o batismo com o espírito santo grátis,pt,Free online,2,O batismo com o Espírito Santo,R. A. Torrey,https://ochorus.com/pt/books/baptism-with-the-holy-spirit
o batismo com o espírito santo texto completo,pt,Full text,2,O batismo com o Espírito Santo,R. A. Torrey,https://ochorus.com/pt/books/baptism-with-the-holy-spirit
o batismo com o espírito santo resumo,pt,Summary,3,O batismo com o Espírito Santo,R. A. Torrey,https://ochorus.com/pt/books/baptism-with-the-holy-spirit
vestida de força e dignidade,pt,Title (navigational),1,Vestida de Força e Dignidade,Ochorus Originals,https://ochorus.com/pt/books/clothed-with-strength-and-dignity
vestida de força e dignidade ler online,pt,Read online,1,Vestida de Força e Dignidade,Ochorus Originals,https://ochorus.com/pt/books/clothed-with-strength-and-dignity
vestida de força e dignidade pdf,pt,PDF,1,Vestida de Força e Dignidade,Ochorus Originals,https://ochorus.com/pt/books/clothed-with-strength-and-dignity
ochorus originals vestida de força e dignidade,pt,Author + title,1,Vestida de Força e Dignidade,Ochorus Originals,https://ochorus.com/pt/books/clothed-with-strength-and-dignity
vestida de força e dignidade grátis,pt,Free online,2,Vestida de Força e Dignidade,Ochorus Originals,https://ochorus.com/pt/books/clothed-with-strength-and-dignity
vestida de força e dignidade texto completo,pt,Full text,2,Vestida de Força e Dignidade,Ochorus Originals,https://ochorus.com/pt/books/clothed-with-strength-and-dignity
vestida de força e dignidade resumo,pt,Summary,3,Vestida de Força e Dignidade,Ochorus Originals,https://ochorus.com/pt/books/clothed-with-strength-and-dignity
cura divina,pt,Title (navigational),1,Cura Divina,Andrew Murray,https://ochorus.com/pt/books/divine-healing
cura divina ler online,pt,Read online,1,Cura Divina,Andrew Murray,https://ochorus.com/pt/books/divine-healing
cura divina pdf,pt,PDF,1,Cura Divina,Andrew Murray,https://ochorus.com/pt/books/divine-healing
andrew murray cura divina,pt,Author + title,1,Cura Divina,Andrew Murray,https://ochorus.com/pt/books/divine-healing
cura divina grátis,pt,Free online,2,Cura Divina,Andrew Murray,https://ochorus.com/pt/books/divine-healing
cura divina texto completo,pt,Full text,2,Cura Divina,Andrew Murray,https://ochorus.com/pt/books/divine-healing
cura divina resumo,pt,Summary,3,Cura Divina,Andrew Murray,https://ochorus.com/pt/books/divine-healing
respigando entre as gavelas,pt,Title (navigational),1,Respigando entre as Gavelas,Charles H. Spurgeon,https://ochorus.com/pt/books/gleanings-among-the-sheaves
respigando entre as gavelas ler online,pt,Read online,1,Respigando entre as Gavelas,Charles H. Spurgeon,https://ochorus.com/pt/books/gleanings-among-the-sheaves
respigando entre as gavelas pdf,pt,PDF,1,Respigando entre as Gavelas,Charles H. Spurgeon,https://ochorus.com/pt/books/gleanings-among-the-sheaves
charles h. spurgeon respigando entre as gavelas,pt,Author + title,1,Respigando entre as Gavelas,Charles H. Spurgeon,https://ochorus.com/pt/books/gleanings-among-the-sheaves
respigando entre as gavelas grátis,pt,Free online,2,Respigando entre as Gavelas,Charles H. Spurgeon,https://ochorus.com/pt/books/gleanings-among-the-sheaves
respigando entre as gavelas texto completo,pt,Full text,2,Respigando entre as Gavelas,Charles H. Spurgeon,https://ochorus.com/pt/books/gleanings-among-the-sheaves
respigando entre as gavelas resumo,pt,Summary,3,Respigando entre as Gavelas,Charles H. Spurgeon,https://ochorus.com/pt/books/gleanings-among-the-sheaves
piedade,pt,Title (navigational),1,Piedade,Catherine Booth,https://ochorus.com/pt/books/godliness
piedade ler online,pt,Read online,1,Piedade,Catherine Booth,https://ochorus.com/pt/books/godliness
piedade pdf,pt,PDF,1,Piedade,Catherine Booth,https://ochorus.com/pt/books/godliness
catherine booth piedade,pt,Author + title,1,Piedade,Catherine Booth,https://ochorus.com/pt/books/godliness
piedade grátis,pt,Free online,2,Piedade,Catherine Booth,https://ochorus.com/pt/books/godliness
piedade texto completo,pt,Full text,2,Piedade,Catherine Booth,https://ochorus.com/pt/books/godliness
piedade resumo,pt,Summary,3,Piedade,Catherine Booth,https://ochorus.com/pt/books/godliness
ele sustém os meus amanhãs,pt,Title (navigational),1,Ele Sustém os Meus Amanhãs,Gareth Evans,https://ochorus.com/pt/books/he-holds-my-tomorrows
ele sustém os meus amanhãs ler online,pt,Read online,1,Ele Sustém os Meus Amanhãs,Gareth Evans,https://ochorus.com/pt/books/he-holds-my-tomorrows
ele sustém os meus amanhãs pdf,pt,PDF,1,Ele Sustém os Meus Amanhãs,Gareth Evans,https://ochorus.com/pt/books/he-holds-my-tomorrows
gareth evans ele sustém os meus amanhãs,pt,Author + title,1,Ele Sustém os Meus Amanhãs,Gareth Evans,https://ochorus.com/pt/books/he-holds-my-tomorrows
ele sustém os meus amanhãs grátis,pt,Free online,2,Ele Sustém os Meus Amanhãs,Gareth Evans,https://ochorus.com/pt/books/he-holds-my-tomorrows
ele sustém os meus amanhãs texto completo,pt,Full text,2,Ele Sustém os Meus Amanhãs,Gareth Evans,https://ochorus.com/pt/books/he-holds-my-tomorrows
ele sustém os meus amanhãs resumo,pt,Summary,3,Ele Sustém os Meus Amanhãs,Gareth Evans,https://ochorus.com/pt/books/he-holds-my-tomorrows
humildade,pt,Title (navigational),1,Humildade,Andrew Murray,https://ochorus.com/pt/books/humility-2
humildade ler online,pt,Read online,1,Humildade,Andrew Murray,https://ochorus.com/pt/books/humility-2
humildade pdf,pt,PDF,1,Humildade,Andrew Murray,https://ochorus.com/pt/books/humility-2
andrew murray humildade,pt,Author + title,1,Humildade,Andrew Murray,https://ochorus.com/pt/books/humility-2
humildade grátis,pt,Free online,2,Humildade,Andrew Murray,https://ochorus.com/pt/books/humility-2
humildade texto completo,pt,Full text,2,Humildade,Andrew Murray,https://ochorus.com/pt/books/humility-2
humildade resumo,pt,Summary,3,Humildade,Andrew Murray,https://ochorus.com/pt/books/humility-2
o próprio jesus,pt,Title (navigational),1,O Próprio Jesus,Andrew Murray,https://ochorus.com/pt/books/jesus-himself-2
o próprio jesus ler online,pt,Read online,1,O Próprio Jesus,Andrew Murray,https://ochorus.com/pt/books/jesus-himself-2
o próprio jesus pdf,pt,PDF,1,O Próprio Jesus,Andrew Murray,https://ochorus.com/pt/books/jesus-himself-2
andrew murray o próprio jesus,pt,Author + title,1,O Próprio Jesus,Andrew Murray,https://ochorus.com/pt/books/jesus-himself-2
o próprio jesus grátis,pt,Free online,2,O Próprio Jesus,Andrew Murray,https://ochorus.com/pt/books/jesus-himself-2
o próprio jesus texto completo,pt,Full text,2,O Próprio Jesus,Andrew Murray,https://ochorus.com/pt/books/jesus-himself-2
o próprio jesus resumo,pt,Summary,3,O Próprio Jesus,Andrew Murray,https://ochorus.com/pt/books/jesus-himself-2
"senhor, ensina-nos a orar",pt,Title (navigational),1,"Senhor, Ensina-nos a Orar",Andrew Murray,https://ochorus.com/pt/books/lord-teach-us-to-pray-2
"senhor, ensina-nos a orar ler online",pt,Read online,1,"Senhor, Ensina-nos a Orar",Andrew Murray,https://ochorus.com/pt/books/lord-teach-us-to-pray-2
"senhor, ensina-nos a orar pdf",pt,PDF,1,"Senhor, Ensina-nos a Orar",Andrew Murray,https://ochorus.com/pt/books/lord-teach-us-to-pray-2
"andrew murray senhor, ensina-nos a orar",pt,Author + title,1,"Senhor, Ensina-nos a Orar",Andrew Murray,https://ochorus.com/pt/books/lord-teach-us-to-pray-2
"senhor, ensina-nos a orar grátis",pt,Free online,2,"Senhor, Ensina-nos a Orar",Andrew Murray,https://ochorus.com/pt/books/lord-teach-us-to-pray-2
"senhor, ensina-nos a orar texto completo",pt,Full text,2,"Senhor, Ensina-nos a Orar",Andrew Murray,https://ochorus.com/pt/books/lord-teach-us-to-pray-2
"senhor, ensina-nos a orar resumo",pt,Summary,3,"Senhor, Ensina-nos a Orar",Andrew Murray,https://ochorus.com/pt/books/lord-teach-us-to-pray-2
poder através da oração,pt,Title (navigational),1,Poder Através da Oração,E. M. Bounds,https://ochorus.com/pt/books/power-through-prayer
poder através da oração ler online,pt,Read online,1,Poder Através da Oração,E. M. Bounds,https://ochorus.com/pt/books/power-through-prayer
poder através da oração pdf,pt,PDF,1,Poder Através da Oração,E. M. Bounds,https://ochorus.com/pt/books/power-through-prayer
e. m. bounds poder através da oração,pt,Author + title,1,Poder Através da Oração,E. M. Bounds,https://ochorus.com/pt/books/power-through-prayer
poder através da oração grátis,pt,Free online,2,Poder Através da Oração,E. M. Bounds,https://ochorus.com/pt/books/power-through-prayer
poder através da oração texto completo,pt,Full text,2,Poder Através da Oração,E. M. Bounds,https://ochorus.com/pt/books/power-through-prayer
poder através da oração resumo,pt,Summary,3,Poder Através da Oração,E. M. Bounds,https://ochorus.com/pt/books/power-through-prayer
oração – o pulso da vida,pt,Title (navigational),1,Oração – O Pulso da Vida,Hannah Buyinza,https://ochorus.com/pt/books/prayer-the-pulse-of-life
oração – o pulso da vida ler online,pt,Read online,1,Oração – O Pulso da Vida,Hannah Buyinza,https://ochorus.com/pt/books/prayer-the-pulse-of-life
oração – o pulso da vida pdf,pt,PDF,1,Oração – O Pulso da Vida,Hannah Buyinza,https://ochorus.com/pt/books/prayer-the-pulse-of-life
hannah buyinza oração – o pulso da vida,pt,Author + title,1,Oração – O Pulso da Vida,Hannah Buyinza,https://ochorus.com/pt/books/prayer-the-pulse-of-life
oração – o pulso da vida grátis,pt,Free online,2,Oração – O Pulso da Vida,Hannah Buyinza,https://ochorus.com/pt/books/prayer-the-pulse-of-life
oração – o pulso da vida texto completo,pt,Full text,2,Oração – O Pulso da Vida,Hannah Buyinza,https://ochorus.com/pt/books/prayer-the-pulse-of-life
oração – o pulso da vida resumo,pt,Summary,3,Oração – O Pulso da Vida,Hannah Buyinza,https://ochorus.com/pt/books/prayer-the-pulse-of-life
a oração prevalecente,pt,Title (navigational),1,A Oração Prevalecente,Dwight L. Moody,https://ochorus.com/pt/books/prevailing-prayer
a oração prevalecente ler online,pt,Read online,1,A Oração Prevalecente,Dwight L. Moody,https://ochorus.com/pt/books/prevailing-prayer
a oração prevalecente pdf,pt,PDF,1,A Oração Prevalecente,Dwight L. Moody,https://ochorus.com/pt/books/prevailing-prayer
dwight l. moody a oração prevalecente,pt,Author + title,1,A Oração Prevalecente,Dwight L. Moody,https://ochorus.com/pt/books/prevailing-prayer
a oração prevalecente grátis,pt,Free online,2,A Oração Prevalecente,Dwight L. Moody,https://ochorus.com/pt/books/prevailing-prayer
a oração prevalecente texto completo,pt,Full text,2,A Oração Prevalecente,Dwight L. Moody,https://ochorus.com/pt/books/prevailing-prayer
a oração prevalecente resumo,pt,Summary,3,A Oração Prevalecente,Dwight L. Moody,https://ochorus.com/pt/books/prevailing-prayer
pedras de passagem,pt,Title (navigational),1,Pedras de Passagem,Gareth Evans,https://ochorus.com/pt/books/stepping-stones-2
pedras de passagem ler online,pt,Read online,1,Pedras de Passagem,Gareth Evans,https://ochorus.com/pt/books/stepping-stones-2
pedras de passagem pdf,pt,PDF,1,Pedras de Passagem,Gareth Evans,https://ochorus.com/pt/books/stepping-stones-2
gareth evans pedras de passagem,pt,Author + title,1,Pedras de Passagem,Gareth Evans,https://ochorus.com/pt/books/stepping-stones-2
pedras de passagem grátis,pt,Free online,2,Pedras de Passagem,Gareth Evans,https://ochorus.com/pt/books/stepping-stones-2
pedras de passagem texto completo,pt,Full text,2,Pedras de Passagem,Gareth Evans,https://ochorus.com/pt/books/stepping-stones-2
pedras de passagem resumo,pt,Summary,3,Pedras de Passagem,Gareth Evans,https://ochorus.com/pt/books/stepping-stones-2
a câmara interior,pt,Title (navigational),1,A Câmara Interior,Andrew Murray,https://ochorus.com/pt/books/the-inner-chamber
a câmara interior ler online,pt,Read online,1,A Câmara Interior,Andrew Murray,https://ochorus.com/pt/books/the-inner-chamber
a câmara interior pdf,pt,PDF,1,A Câmara Interior,Andrew Murray,https://ochorus.com/pt/books/the-inner-chamber
andrew murray a câmara interior,pt,Author + title,1,A Câmara Interior,Andrew Murray,https://ochorus.com/pt/books/the-inner-chamber
a câmara interior grátis,pt,Free online,2,A Câmara Interior,Andrew Murray,https://ochorus.com/pt/books/the-inner-chamber
a câmara interior texto completo,pt,Full text,2,A Câmara Interior,Andrew Murray,https://ochorus.com/pt/books/the-inner-chamber
a câmara interior resumo,pt,Summary,3,A Câmara Interior,Andrew Murray,https://ochorus.com/pt/books/the-inner-chamber
a chave na minha mão,pt,Title (navigational),1,A Chave na Minha Mão,Gareth Evans,https://ochorus.com/pt/books/the-key-in-my-hand
a chave na minha mão ler online,pt,Read online,1,A Chave na Minha Mão,Gareth Evans,https://ochorus.com/pt/books/the-key-in-my-hand
a chave na minha mão pdf,pt,PDF,1,A Chave na Minha Mão,Gareth Evans,https://ochorus.com/pt/books/the-key-in-my-hand
gareth evans a chave na minha mão,pt,Author + title,1,A Chave na Minha Mão,Gareth Evans,https://ochorus.com/pt/books/the-key-in-my-hand
a chave na minha mão grátis,pt,Free online,2,A Chave na Minha Mão,Gareth Evans,https://ochorus.com/pt/books/the-key-in-my-hand
a chave na minha mão texto completo,pt,Full text,2,A Chave na Minha Mão,Gareth Evans,https://ochorus.com/pt/books/the-key-in-my-hand
a chave na minha mão resumo,pt,Summary,3,A Chave na Minha Mão,Gareth Evans,https://ochorus.com/pt/books/the-key-in-my-hand
a habitação do mestre,pt,Title (navigational),1,A Habitação do Mestre,Andrew Murray,https://ochorus.com/pt/books/the-masters-indwelling
a habitação do mestre ler online,pt,Read online,1,A Habitação do Mestre,Andrew Murray,https://ochorus.com/pt/books/the-masters-indwelling
a habitação do mestre pdf,pt,PDF,1,A Habitação do Mestre,Andrew Murray,https://ochorus.com/pt/books/the-masters-indwelling
andrew murray a habitação do mestre,pt,Author + title,1,A Habitação do Mestre,Andrew Murray,https://ochorus.com/pt/books/the-masters-indwelling
a habitação do mestre grátis,pt,Free online,2,A Habitação do Mestre,Andrew Murray,https://ochorus.com/pt/books/the-masters-indwelling
a habitação do mestre texto completo,pt,Full text,2,A Habitação do Mestre,Andrew Murray,https://ochorus.com/pt/books/the-masters-indwelling
a habitação do mestre resumo,pt,Summary,3,A Habitação do Mestre,Andrew Murray,https://ochorus.com/pt/books/the-masters-indwelling
a pessoa e obra do espírito santo,pt,Title (navigational),1,A Pessoa e Obra do Espírito Santo,R. A. Torrey,https://ochorus.com/pt/books/the-person-and-work-of-the-holy-spirit
a pessoa e obra do espírito santo ler online,pt,Read online,1,A Pessoa e Obra do Espírito Santo,R. A. Torrey,https://ochorus.com/pt/books/the-person-and-work-of-the-holy-spirit
a pessoa e obra do espírito santo pdf,pt,PDF,1,A Pessoa e Obra do Espírito Santo,R. A. Torrey,https://ochorus.com/pt/books/the-person-and-work-of-the-holy-spirit
r. a. torrey a pessoa e obra do espírito santo,pt,Author + title,1,A Pessoa e Obra do Espírito Santo,R. A. Torrey,https://ochorus.com/pt/books/the-person-and-work-of-the-holy-spirit
a pessoa e obra do espírito santo grátis,pt,Free online,2,A Pessoa e Obra do Espírito Santo,R. A. Torrey,https://ochorus.com/pt/books/the-person-and-work-of-the-holy-spirit
a pessoa e obra do espírito santo texto completo,pt,Full text,2,A Pessoa e Obra do Espírito Santo,R. A. Torrey,https://ochorus.com/pt/books/the-person-and-work-of-the-holy-spirit
a pessoa e obra do espírito santo resumo,pt,Summary,3,A Pessoa e Obra do Espírito Santo,R. A. Torrey,https://ochorus.com/pt/books/the-person-and-work-of-the-holy-spirit
a abnegação de deus,pt,Title (navigational),1,A Abnegação de Deus,Hannah Whitall Smith,https://ochorus.com/pt/books/the-unselfishness-of-god
a abnegação de deus ler online,pt,Read online,1,A Abnegação de Deus,Hannah Whitall Smith,https://ochorus.com/pt/books/the-unselfishness-of-god
a abnegação de deus pdf,pt,PDF,1,A Abnegação de Deus,Hannah Whitall Smith,https://ochorus.com/pt/books/the-unselfishness-of-god
hannah whitall smith a abnegação de deus,pt,Author + title,1,A Abnegação de Deus,Hannah Whitall Smith,https://ochorus.com/pt/books/the-unselfishness-of-god
a abnegação de deus grátis,pt,Free online,2,A Abnegação de Deus,Hannah Whitall Smith,https://ochorus.com/pt/books/the-unselfishness-of-god
a abnegação de deus texto completo,pt,Full text,2,A Abnegação de Deus,Hannah Whitall Smith,https://ochorus.com/pt/books/the-unselfishness-of-god
a abnegação de deus resumo,pt,Summary,3,A Abnegação de Deus,Hannah Whitall Smith,https://ochorus.com/pt/books/the-unselfishness-of-god
o caminho para deus,pt,Title (navigational),1,O Caminho para Deus,Dwight L. Moody,https://ochorus.com/pt/books/the-way-to-god
o caminho para deus ler online,pt,Read online,1,O Caminho para Deus,Dwight L. Moody,https://ochorus.com/pt/books/the-way-to-god
o caminho para deus pdf,pt,PDF,1,O Caminho para Deus,Dwight L. Moody,https://ochorus.com/pt/books/the-way-to-god
dwight l. moody o caminho para deus,pt,Author + title,1,O Caminho para Deus,Dwight L. Moody,https://ochorus.com/pt/books/the-way-to-god
o caminho para deus grátis,pt,Free online,2,O Caminho para Deus,Dwight L. Moody,https://ochorus.com/pt/books/the-way-to-god
o caminho para deus texto completo,pt,Full text,2,O Caminho para Deus,Dwight L. Moody,https://ochorus.com/pt/books/the-way-to-god
o caminho para deus resumo,pt,Summary,3,O Caminho para Deus,Dwight L. Moody,https://ochorus.com/pt/books/the-way-to-god
a videira verdadeira,pt,Title (navigational),1,A Videira Verdadeira,Andrew Murray,https://ochorus.com/pt/books/true-vine
a videira verdadeira ler online,pt,Read online,1,A Videira Verdadeira,Andrew Murray,https://ochorus.com/pt/books/true-vine
a videira verdadeira pdf,pt,PDF,1,A Videira Verdadeira,Andrew Murray,https://ochorus.com/pt/books/true-vine
andrew murray a videira verdadeira,pt,Author + title,1,A Videira Verdadeira,Andrew Murray,https://ochorus.com/pt/books/true-vine
a videira verdadeira grátis,pt,Free online,2,A Videira Verdadeira,Andrew Murray,https://ochorus.com/pt/books/true-vine
a videira verdadeira texto completo,pt,Full text,2,A Videira Verdadeira,Andrew Murray,https://ochorus.com/pt/books/true-vine
a videira verdadeira resumo,pt,Summary,3,A Videira Verdadeira,Andrew Murray,https://ochorus.com/pt/books/true-vine
união e comunhão,pt,Title (navigational),1,União e Comunhão,Hudson Taylor,https://ochorus.com/pt/books/union-and-communion
união e comunhão ler online,pt,Read online,1,União e Comunhão,Hudson Taylor,https://ochorus.com/pt/books/union-and-communion
união e comunhão pdf,pt,PDF,1,União e Comunhão,Hudson Taylor,https://ochorus.com/pt/books/union-and-communion
hudson taylor união e comunhão,pt,Author + title,1,União e Comunhão,Hudson Taylor,https://ochorus.com/pt/books/union-and-communion
união e comunhão grátis,pt,Free online,2,União e Comunhão,Hudson Taylor,https://ochorus.com/pt/books/union-and-communion
união e comunhão texto completo,pt,Full text,2,União e Comunhão,Hudson Taylor,https://ochorus.com/pt/books/union-and-communion
união e comunhão resumo,pt,Summary,3,União e Comunhão,Hudson Taylor,https://ochorus.com/pt/books/union-and-communion
esperando em deus,pt,Title (navigational),1,Esperando em Deus,Andrew Murray,https://ochorus.com/pt/books/waiting-on-god
esperando em deus ler online,pt,Read online,1,Esperando em Deus,Andrew Murray,https://ochorus.com/pt/books/waiting-on-god
esperando em deus pdf,pt,PDF,1,Esperando em Deus,Andrew Murray,https://ochorus.com/pt/books/waiting-on-god
andrew murray esperando em deus,pt,Author + title,1,Esperando em Deus,Andrew Murray,https://ochorus.com/pt/books/waiting-on-god
esperando em deus grátis,pt,Free online,2,Esperando em Deus,Andrew Murray,https://ochorus.com/pt/books/waiting-on-god
esperando em deus texto completo,pt,Full text,2,Esperando em Deus,Andrew Murray,https://ochorus.com/pt/books/waiting-on-god
esperando em deus resumo,pt,Summary,3,Esperando em Deus,Andrew Murray,https://ochorus.com/pt/books/waiting-on-god
सब कुछ अनुग्रह से,hi,Title (navigational),1,सब कुछ अनुग्रह से,Charles H. Spurgeon,https://ochorus.com/hi/books/all-of-grace
सब कुछ अनुग्रह से ऑनलाइन पढ़ें,hi,Read online,1,सब कुछ अनुग्रह से,Charles H. Spurgeon,https://ochorus.com/hi/books/all-of-grace
सब कुछ अनुग्रह से pdf,hi,PDF,1,सब कुछ अनुग्रह से,Charles H. Spurgeon,https://ochorus.com/hi/books/all-of-grace
Charles H. Spurgeon सब कुछ अनुग्रह से,hi,Author + title,1,सब कुछ अनुग्रह से,Charles H. Spurgeon,https://ochorus.com/hi/books/all-of-grace
सब कुछ अनुग्रह से मुफ्त में पढ़ें,hi,Free online,2,सब कुछ अनुग्रह से,Charles H. Spurgeon,https://ochorus.com/hi/books/all-of-grace
सब कुछ अनुग्रह से पूरा पाठ,hi,Full text,2,सब कुछ अनुग्रह से,Charles H. Spurgeon,https://ochorus.com/hi/books/all-of-grace
सब कुछ अनुग्रह से सारांश,hi,Summary,3,सब कुछ अनुग्रह से,Charles H. Spurgeon,https://ochorus.com/hi/books/all-of-grace
पवित्र आत्मा से बपतिस्मा,hi,Title (navigational),1,पवित्र आत्मा से बपतिस्मा,R. A. Torrey,https://ochorus.com/hi/books/baptism-with-the-holy-spirit
पवित्र आत्मा से बपतिस्मा ऑनलाइन पढ़ें,hi,Read online,1,पवित्र आत्मा से बपतिस्मा,R. A. Torrey,https://ochorus.com/hi/books/baptism-with-the-holy-spirit
पवित्र आत्मा से बपतिस्मा pdf,hi,PDF,1,पवित्र आत्मा से बपतिस्मा,R. A. Torrey,https://ochorus.com/hi/books/baptism-with-the-holy-spirit
R. A. Torrey पवित्र आत्मा से बपतिस्मा,hi,Author + title,1,पवित्र आत्मा से बपतिस्मा,R. A. Torrey,https://ochorus.com/hi/books/baptism-with-the-holy-spirit
पवित्र आत्मा से बपतिस्मा मुफ्त में पढ़ें,hi,Free online,2,पवित्र आत्मा से बपतिस्मा,R. A. Torrey,https://ochorus.com/hi/books/baptism-with-the-holy-spirit
पवित्र आत्मा से बपतिस्मा पूरा पाठ,hi,Full text,2,पवित्र आत्मा से बपतिस्मा,R. A. Torrey,https://ochorus.com/hi/books/baptism-with-the-holy-spirit
पवित्र आत्मा से बपतिस्मा सारांश,hi,Summary,3,पवित्र आत्मा से बपतिस्मा,R. A. Torrey,https://ochorus.com/hi/books/baptism-with-the-holy-spirit
बल और प्रताप का पहरावा,hi,Title (navigational),1,बल और प्रताप का पहरावा,Ochorus Originals,https://ochorus.com/hi/books/clothed-with-strength-and-dignity
बल और प्रताप का पहरावा ऑनलाइन पढ़ें,hi,Read online,1,बल और प्रताप का पहरावा,Ochorus Originals,https://ochorus.com/hi/books/clothed-with-strength-and-dignity
बल और प्रताप का पहरावा pdf,hi,PDF,1,बल और प्रताप का पहरावा,Ochorus Originals,https://ochorus.com/hi/books/clothed-with-strength-and-dignity
Ochorus Originals बल और प्रताप का पहरावा,hi,Author + title,1,बल और प्रताप का पहरावा,Ochorus Originals,https://ochorus.com/hi/books/clothed-with-strength-and-dignity
बल और प्रताप का पहरावा मुफ्त में पढ़ें,hi,Free online,2,बल और प्रताप का पहरावा,Ochorus Originals,https://ochorus.com/hi/books/clothed-with-strength-and-dignity
बल और प्रताप का पहरावा पूरा पाठ,hi,Full text,2,बल और प्रताप का पहरावा,Ochorus Originals,https://ochorus.com/hi/books/clothed-with-strength-and-dignity
बल और प्रताप का पहरावा सारांश,hi,Summary,3,बल और प्रताप का पहरावा,Ochorus Originals,https://ochorus.com/hi/books/clothed-with-strength-and-dignity
ईश्वरीय चंगाई,hi,Title (navigational),1,ईश्वरीय चंगाई,Andrew Murray,https://ochorus.com/hi/books/divine-healing
ईश्वरीय चंगाई ऑनलाइन पढ़ें,hi,Read online,1,ईश्वरीय चंगाई,Andrew Murray,https://ochorus.com/hi/books/divine-healing
ईश्वरीय चंगाई pdf,hi,PDF,1,ईश्वरीय चंगाई,Andrew Murray,https://ochorus.com/hi/books/divine-healing
Andrew Murray ईश्वरीय चंगाई,hi,Author + title,1,ईश्वरीय चंगाई,Andrew Murray,https://ochorus.com/hi/books/divine-healing
ईश्वरीय चंगाई मुफ्त में पढ़ें,hi,Free online,2,ईश्वरीय चंगाई,Andrew Murray,https://ochorus.com/hi/books/divine-healing
ईश्वरीय चंगाई पूरा पाठ,hi,Full text,2,ईश्वरीय चंगाई,Andrew Murray,https://ochorus.com/hi/books/divine-healing
ईश्वरीय चंगाई सारांश,hi,Summary,3,ईश्वरीय चंगाई,Andrew Murray,https://ochorus.com/hi/books/divine-healing
भक्ति,hi,Title (navigational),1,भक्ति,Catherine Booth,https://ochorus.com/hi/books/godliness
भक्ति ऑनलाइन पढ़ें,hi,Read online,1,भक्ति,Catherine Booth,https://ochorus.com/hi/books/godliness
भक्ति pdf,hi,PDF,1,भक्ति,Catherine Booth,https://ochorus.com/hi/books/godliness
Catherine Booth भक्ति,hi,Author + title,1,भक्ति,Catherine Booth,https://ochorus.com/hi/books/godliness
भक्ति मुफ्त में पढ़ें,hi,Free online,2,भक्ति,Catherine Booth,https://ochorus.com/hi/books/godliness
भक्ति पूरा पाठ,hi,Full text,2,भक्ति,Catherine Booth,https://ochorus.com/hi/books/godliness
भक्ति सारांश,hi,Summary,3,भक्ति,Catherine Booth,https://ochorus.com/hi/books/godliness
वह मेरा कल थामे हुए है,hi,Title (navigational),1,वह मेरा कल थामे हुए है,Gareth Evans,https://ochorus.com/hi/books/he-holds-my-tomorrows
वह मेरा कल थामे हुए है ऑनलाइन पढ़ें,hi,Read online,1,वह मेरा कल थामे हुए है,Gareth Evans,https://ochorus.com/hi/books/he-holds-my-tomorrows
वह मेरा कल थामे हुए है pdf,hi,PDF,1,वह मेरा कल थामे हुए है,Gareth Evans,https://ochorus.com/hi/books/he-holds-my-tomorrows
Gareth Evans वह मेरा कल थामे हुए है,hi,Author + title,1,वह मेरा कल थामे हुए है,Gareth Evans,https://ochorus.com/hi/books/he-holds-my-tomorrows
वह मेरा कल थामे हुए है मुफ्त में पढ़ें,hi,Free online,2,वह मेरा कल थामे हुए है,Gareth Evans,https://ochorus.com/hi/books/he-holds-my-tomorrows
वह मेरा कल थामे हुए है पूरा पाठ,hi,Full text,2,वह मेरा कल थामे हुए है,Gareth Evans,https://ochorus.com/hi/books/he-holds-my-tomorrows
वह मेरा कल थामे हुए है सारांश,hi,Summary,3,वह मेरा कल थामे हुए है,Gareth Evans,https://ochorus.com/hi/books/he-holds-my-tomorrows
दीनता,hi,Title (navigational),1,दीनता,Andrew Murray,https://ochorus.com/hi/books/humility-2
दीनता ऑनलाइन पढ़ें,hi,Read online,1,दीनता,Andrew Murray,https://ochorus.com/hi/books/humility-2
दीनता pdf,hi,PDF,1,दीनता,Andrew Murray,https://ochorus.com/hi/books/humility-2
Andrew Murray दीनता,hi,Author + title,1,दीनता,Andrew Murray,https://ochorus.com/hi/books/humility-2
दीनता मुफ्त में पढ़ें,hi,Free online,2,दीनता,Andrew Murray,https://ochorus.com/hi/books/humility-2
दीनता पूरा पाठ,hi,Full text,2,दीनता,Andrew Murray,https://ochorus.com/hi/books/humility-2
दीनता सारांश,hi,Summary,3,दीनता,Andrew Murray,https://ochorus.com/hi/books/humility-2
स्वयं यीशु,hi,Title (navigational),1,स्वयं यीशु,Andrew Murray,https://ochorus.com/hi/books/jesus-himself-2
स्वयं यीशु ऑनलाइन पढ़ें,hi,Read online,1,स्वयं यीशु,Andrew Murray,https://ochorus.com/hi/books/jesus-himself-2
स्वयं यीशु pdf,hi,PDF,1,स्वयं यीशु,Andrew Murray,https://ochorus.com/hi/books/jesus-himself-2
Andrew Murray स्वयं यीशु,hi,Author + title,1,स्वयं यीशु,Andrew Murray,https://ochorus.com/hi/books/jesus-himself-2
स्वयं यीशु मुफ्त में पढ़ें,hi,Free online,2,स्वयं यीशु,Andrew Murray,https://ochorus.com/hi/books/jesus-himself-2
स्वयं यीशु पूरा पाठ,hi,Full text,2,स्वयं यीशु,Andrew Murray,https://ochorus.com/hi/books/jesus-himself-2
स्वयं यीशु सारांश,hi,Summary,3,स्वयं यीशु,Andrew Murray,https://ochorus.com/hi/books/jesus-himself-2
मध्यस्थता की सेवकाई,hi,Title (navigational),1,मध्यस्थता की सेवकाई,Andrew Murray,https://ochorus.com/hi/books/ministry-of-intercession
मध्यस्थता की सेवकाई ऑनलाइन पढ़ें,hi,Read online,1,मध्यस्थता की सेवकाई,Andrew Murray,https://ochorus.com/hi/books/ministry-of-intercession
मध्यस्थता की सेवकाई pdf,hi,PDF,1,मध्यस्थता की सेवकाई,Andrew Murray,https://ochorus.com/hi/books/ministry-of-intercession
Andrew Murray मध्यस्थता की सेवकाई,hi,Author + title,1,मध्यस्थता की सेवकाई,Andrew Murray,https://ochorus.com/hi/books/ministry-of-intercession
मध्यस्थता की सेवकाई मुफ्त में पढ़ें,hi,Free online,2,मध्यस्थता की सेवकाई,Andrew Murray,https://ochorus.com/hi/books/ministry-of-intercession
मध्यस्थता की सेवकाई पूरा पाठ,hi,Full text,2,मध्यस्थता की सेवकाई,Andrew Murray,https://ochorus.com/hi/books/ministry-of-intercession
मध्यस्थता की सेवकाई सारांश,hi,Summary,3,मध्यस्थता की सेवकाई,Andrew Murray,https://ochorus.com/hi/books/ministry-of-intercession
प्रार्थना – जीवन की धड़कन,hi,Title (navigational),1,प्रार्थना – जीवन की धड़कन,Hannah Buyinza,https://ochorus.com/hi/books/prayer-the-pulse-of-life
प्रार्थना – जीवन की धड़कन ऑनलाइन पढ़ें,hi,Read online,1,प्रार्थना – जीवन की धड़कन,Hannah Buyinza,https://ochorus.com/hi/books/prayer-the-pulse-of-life
प्रार्थना – जीवन की धड़कन pdf,hi,PDF,1,प्रार्थना – जीवन की धड़कन,Hannah Buyinza,https://ochorus.com/hi/books/prayer-the-pulse-of-life
Hannah Buyinza प्रार्थना – जीवन की धड़कन,hi,Author + title,1,प्रार्थना – जीवन की धड़कन,Hannah Buyinza,https://ochorus.com/hi/books/prayer-the-pulse-of-life
प्रार्थना – जीवन की धड़कन मुफ्त में पढ़ें,hi,Free online,2,प्रार्थना – जीवन की धड़कन,Hannah Buyinza,https://ochorus.com/hi/books/prayer-the-pulse-of-life
प्रार्थना – जीवन की धड़कन पूरा पाठ,hi,Full text,2,प्रार्थना – जीवन की धड़कन,Hannah Buyinza,https://ochorus.com/hi/books/prayer-the-pulse-of-life
प्रार्थना – जीवन की धड़कन सारांश,hi,Summary,3,प्रार्थना – जीवन की धड़कन,Hannah Buyinza,https://ochorus.com/hi/books/prayer-the-pulse-of-life
मार्ग के पत्थर,hi,Title (navigational),1,मार्ग के पत्थर,Gareth Evans,https://ochorus.com/hi/books/stepping-stones-2
मार्ग के पत्थर ऑनलाइन पढ़ें,hi,Read online,1,मार्ग के पत्थर,Gareth Evans,https://ochorus.com/hi/books/stepping-stones-2
मार्ग के पत्थर pdf,hi,PDF,1,मार्ग के पत्थर,Gareth Evans,https://ochorus.com/hi/books/stepping-stones-2
Gareth Evans मार्ग के पत्थर,hi,Author + title,1,मार्ग के पत्थर,Gareth Evans,https://ochorus.com/hi/books/stepping-stones-2
मार्ग के पत्थर मुफ्त में पढ़ें,hi,Free online,2,मार्ग के पत्थर,Gareth Evans,https://ochorus.com/hi/books/stepping-stones-2
मार्ग के पत्थर पूरा पाठ,hi,Full text,2,मार्ग के पत्थर,Gareth Evans,https://ochorus.com/hi/books/stepping-stones-2
मार्ग के पत्थर सारांश,hi,Summary,3,मार्ग के पत्थर,Gareth Evans,https://ochorus.com/hi/books/stepping-stones-2
भीतरी कोठरी,hi,Title (navigational),1,भीतरी कोठरी,Andrew Murray,https://ochorus.com/hi/books/the-inner-chamber
भीतरी कोठरी ऑनलाइन पढ़ें,hi,Read online,1,भीतरी कोठरी,Andrew Murray,https://ochorus.com/hi/books/the-inner-chamber
भीतरी कोठरी pdf,hi,PDF,1,भीतरी कोठरी,Andrew Murray,https://ochorus.com/hi/books/the-inner-chamber
Andrew Murray भीतरी कोठरी,hi,Author + title,1,भीतरी कोठरी,Andrew Murray,https://ochorus.com/hi/books/the-inner-chamber
भीतरी कोठरी मुफ्त में पढ़ें,hi,Free online,2,भीतरी कोठरी,Andrew Murray,https://ochorus.com/hi/books/the-inner-chamber
भीतरी कोठरी पूरा पाठ,hi,Full text,2,भीतरी कोठरी,Andrew Murray,https://ochorus.com/hi/books/the-inner-chamber
भीतरी कोठरी सारांश,hi,Summary,3,भीतरी कोठरी,Andrew Murray,https://ochorus.com/hi/books/the-inner-chamber
मेरे हाथ में कुँजी,hi,Title (navigational),1,मेरे हाथ में कुँजी,Gareth Evans,https://ochorus.com/hi/books/the-key-in-my-hand
मेरे हाथ में कुँजी ऑनलाइन पढ़ें,hi,Read online,1,मेरे हाथ में कुँजी,Gareth Evans,https://ochorus.com/hi/books/the-key-in-my-hand
मेरे हाथ में कुँजी pdf,hi,PDF,1,मेरे हाथ में कुँजी,Gareth Evans,https://ochorus.com/hi/books/the-key-in-my-hand
Gareth Evans मेरे हाथ में कुँजी,hi,Author + title,1,मेरे हाथ में कुँजी,Gareth Evans,https://ochorus.com/hi/books/the-key-in-my-hand
मेरे हाथ में कुँजी मुफ्त में पढ़ें,hi,Free online,2,मेरे हाथ में कुँजी,Gareth Evans,https://ochorus.com/hi/books/the-key-in-my-hand
मेरे हाथ में कुँजी पूरा पाठ,hi,Full text,2,मेरे हाथ में कुँजी,Gareth Evans,https://ochorus.com/hi/books/the-key-in-my-hand
मेरे हाथ में कुँजी सारांश,hi,Summary,3,मेरे हाथ में कुँजी,Gareth Evans,https://ochorus.com/hi/books/the-key-in-my-hand
परमेश्वर की निःस्वार्थता,hi,Title (navigational),1,परमेश्वर की निःस्वार्थता,Hannah Whitall Smith,https://ochorus.com/hi/books/the-unselfishness-of-god
परमेश्वर की निःस्वार्थता ऑनलाइन पढ़ें,hi,Read online,1,परमेश्वर की निःस्वार्थता,Hannah Whitall Smith,https://ochorus.com/hi/books/the-unselfishness-of-god
परमेश्वर की निःस्वार्थता pdf,hi,PDF,1,परमेश्वर की निःस्वार्थता,Hannah Whitall Smith,https://ochorus.com/hi/books/the-unselfishness-of-god
Hannah Whitall Smith परमेश्वर की निःस्वार्थता,hi,Author + title,1,परमेश्वर की निःस्वार्थता,Hannah Whitall Smith,https://ochorus.com/hi/books/the-unselfishness-of-god
परमेश्वर की निःस्वार्थता मुफ्त में पढ़ें,hi,Free online,2,परमेश्वर की निःस्वार्थता,Hannah Whitall Smith,https://ochorus.com/hi/books/the-unselfishness-of-god
परमेश्वर की निःस्वार्थता पूरा पाठ,hi,Full text,2,परमेश्वर की निःस्वार्थता,Hannah Whitall Smith,https://ochorus.com/hi/books/the-unselfishness-of-god
परमेश्वर की निःस्वार्थता सारांश,hi,Summary,3,परमेश्वर की निःस्वार्थता,Hannah Whitall Smith,https://ochorus.com/hi/books/the-unselfishness-of-god
परमेश्वर तक का मार्ग,hi,Title (navigational),1,परमेश्वर तक का मार्ग,Dwight L. Moody,https://ochorus.com/hi/books/the-way-to-god
परमेश्वर तक का मार्ग ऑनलाइन पढ़ें,hi,Read online,1,परमेश्वर तक का मार्ग,Dwight L. Moody,https://ochorus.com/hi/books/the-way-to-god
परमेश्वर तक का मार्ग pdf,hi,PDF,1,परमेश्वर तक का मार्ग,Dwight L. Moody,https://ochorus.com/hi/books/the-way-to-god
Dwight L. Moody परमेश्वर तक का मार्ग,hi,Author + title,1,परमेश्वर तक का मार्ग,Dwight L. Moody,https://ochorus.com/hi/books/the-way-to-god
परमेश्वर तक का मार्ग मुफ्त में पढ़ें,hi,Free online,2,परमेश्वर तक का मार्ग,Dwight L. Moody,https://ochorus.com/hi/books/the-way-to-god
परमेश्वर तक का मार्ग पूरा पाठ,hi,Full text,2,परमेश्वर तक का मार्ग,Dwight L. Moody,https://ochorus.com/hi/books/the-way-to-god
परमेश्वर तक का मार्ग सारांश,hi,Summary,3,परमेश्वर तक का मार्ग,Dwight L. Moody,https://ochorus.com/hi/books/the-way-to-god
परमेश्वर की बाट जोहना,hi,Title (navigational),1,परमेश्वर की बाट जोहना,Andrew Murray,https://ochorus.com/hi/books/waiting-on-god
परमेश्वर की बाट जोहना ऑनलाइन पढ़ें,hi,Read online,1,परमेश्वर की बाट जोहना,Andrew Murray,https://ochorus.com/hi/books/waiting-on-god
परमेश्वर की बाट जोहना pdf,hi,PDF,1,परमेश्वर की बाट जोहना,Andrew Murray,https://ochorus.com/hi/books/waiting-on-god
Andrew Murray परमेश्वर की बाट जोहना,hi,Author + title,1,परमेश्वर की बाट जोहना,Andrew Murray,https://ochorus.com/hi/books/waiting-on-god
परमेश्वर की बाट जोहना मुफ्त में पढ़ें,hi,Free online,2,परमेश्वर की बाट जोहना,Andrew Murray,https://ochorus.com/hi/books/waiting-on-god
परमेश्वर की बाट जोहना पूरा पाठ,hi,Full text,2,परमेश्वर की बाट जोहना,Andrew Murray,https://ochorus.com/hi/books/waiting-on-god
परमेश्वर की बाट जोहना सारांश,hi,Summary,3,परमेश्वर की बाट जोहना,Andrew Murray,https://ochorus.com/hi/books/waiting-on-god
